Date_reported,Country,New_cases,Cumulative_cases,New_deaths,Cumulative_deaths
2020-01-04,India,0.0,0,0.0,0
2020-01-05,India,0.0,0,0.0,0
2020-01-06,India,0.0,0,0.0,0
2020-01-07,India,0.0,0,0.0,0
2020-01-08,India,0.0,0,0.0,0
2020-01-09,India,0.0,0,0.0,0
2020-01-10,India,0.0,0,0.0,0
2020-01-11,India,0.0,0,0.0,0
2020-01-12,India,0.0,0,0.0,0
2020-01-13,India,0.0,0,0.0,0
2020-01-14,India,0.0,0,0.0,0
2020-01-15,India,0.0,0,0.0,0
2020-01-16,India,0.0,0,0.0,0
2020-01-17,India,0.0,0,0.0,0
2020-01-18,India,0.0,0,0.0,0
2020-01-19,India,0.0,0,0.0,0
2020-01-20,India,0.0,0,0.0,0
2020-01-21,India,0.0,0,0.0,0
2020-01-22,India,0.0,0,0.0,0
2020-01-23,India,0.0,0,0.0,0
2020-01-24,India,0.0,0,0.0,0
2020-01-25,India,0.0,0,0.0,0
2020-01-26,India,0.0,0,0.0,0
2020-01-27,India,0.0,0,0.0,0
2020-01-28,India,0.0,0,0.0,0
2020-01-29,India,0.0,0,0.0,0
2020-01-30,India,1.0,1,0.0,0
2020-01-31,India,0.0,1,0.0,0
2020-02-01,India,0.0,1,0.0,0
2020-02-02,India,1.0,2,0.0,0
2020-02-03,India,1.0,3,0.0,0
2020-02-04,India,0.0,3,0.0,0
2020-02-05,India,0.0,3,0.0,0
2020-02-06,India,0.0,3,0.0,0
2020-02-07,India,0.0,3,0.0,0
2020-02-08,India,0.0,3,0.0,0
2020-02-09,India,0.0,3,0.0,0
2020-02-10,India,0.0,3,0.0,0
2020-02-11,India,0.0,3,0.0,0
2020-02-12,India,0.0,3,0.0,0
2020-02-13,India,0.0,3,0.0,0
2020-02-14,India,0.0,3,0.0,0
2020-02-15,India,0.0,3,0.0,0
2020-02-16,India,0.0,3,0.0,0
2020-02-17,India,0.0,3,0.0,0
2020-02-18,India,0.0,3,0.0,0
2020-02-19,India,0.0,3,0.0,0
2020-02-20,India,0.0,3,0.0,0
2020-02-21,India,0.0,3,0.0,0
2020-02-22,India,0.0,3,0.0,0
2020-02-23,India,0.0,3,0.0,0
2020-02-24,India,0.0,3,0.0,0
2020-02-25,India,0.0,3,0.0,0
2020-02-26,India,0.0,3,0.0,0
2020-02-27,India,0.0,3,0.0,0
2020-02-28,India,0.0,3,0.0,0
2020-02-29,India,0.0,3,0.0,0
2020-03-01,India,0.0,3,0.0,0
2020-03-02,India,2.0,5,0.0,0
2020-03-03,India,0.0,5,0.0,0
2020-03-04,India,23.0,28,0.0,0
2020-03-05,India,1.0,29,0.0,0
2020-03-06,India,2.0,31,0.0,0
2020-03-07,India,3.0,34,0.0,0
2020-03-08,India,5.0,39,0.0,0
2020-03-09,India,5.0,44,0.0,0
2020-03-10,India,6.0,50,0.0,0
2020-03-11,India,10.0,60,0.0,0
2020-03-12,India,13.0,73,0.0,0
2020-03-13,India,8.0,81,1.0,1
2020-03-14,India,3.0,84,1.0,2
2020-03-15,India,23.0,107,0.0,2
2020-03-16,India,7.0,114,0.0,2
2020-03-17,India,23.0,137,1.0,3
2020-03-18,India,14.0,151,0.0,3
2020-03-19,India,22.0,173,1.0,4
2020-03-20,India,50.0,223,0.0,4
2020-03-21,India,60.0,283,0.0,4
2020-03-22,India,77.0,360,3.0,7
2020-03-23,India,74.0,434,2.0,9
2020-03-24,India,85.0,519,0.0,9
2020-03-25,India,87.0,606,1.0,10
2020-03-26,India,43.0,649,3.0,13
2020-03-27,India,75.0,724,4.0,17
2020-03-28,India,185.0,909,2.0,19
2020-03-29,India,70.0,979,6.0,25
2020-03-30,India,92.0,1071,4.0,29
2020-03-31,India,180.0,1251,3.0,32
2020-04-01,India,386.0,1637,6.0,38
2020-04-02,India,328.0,1965,12.0,50
2020-04-03,India,336.0,2301,6.0,56
2020-04-04,India,601.0,2902,12.0,68
2020-04-05,India,472.0,3374,9.0,77
2020-04-06,India,693.0,4067,32.0,109
2020-04-07,India,354.0,4421,5.0,114
2020-04-08,India,853.0,5274,35.0,149
2020-04-09,India,591.0,5865,20.0,169
2020-04-10,India,547.0,6412,30.0,199
2020-04-11,India,1035.0,7447,40.0,239
2020-04-12,India,909.0,8356,34.0,273
2020-04-13,India,796.0,9152,35.0,308
2020-04-14,India,1211.0,10363,31.0,339
2020-04-15,India,1076.0,11439,38.0,377
2020-04-16,India,941.0,12380,37.0,414
2020-04-17,India,1007.0,13387,23.0,437
2020-04-18,India,991.0,14378,43.0,480
2020-04-19,India,1334.0,15712,27.0,507
2020-04-20,India,1553.0,17265,36.0,543
2020-04-21,India,1336.0,18601,47.0,590
2020-04-22,India,1383.0,19984,50.0,640
2020-04-23,India,1409.0,21393,41.0,681
2020-04-24,India,1684.0,23077,37.0,718
2020-04-25,India,1429.0,24506,57.0,775
2020-04-26,India,1990.0,26496,49.0,824
2020-04-27,India,1396.0,27892,48.0,872
2020-04-28,India,1543.0,29435,62.0,934
2020-04-29,India,1897.0,31332,73.0,1007
2020-04-30,India,1718.0,33050,67.0,1074
2020-05-01,India,1993.0,35043,73.0,1147
2020-05-02,India,2293.0,37336,71.0,1218
2020-05-03,India,2644.0,39980,83.0,1301
2020-05-04,India,2553.0,42533,72.0,1373
2020-05-05,India,3900.0,46433,195.0,1568
2020-05-06,India,2958.0,49391,126.0,1694
2020-05-07,India,3561.0,52952,89.0,1783
2020-05-08,India,3390.0,56342,103.0,1886
2020-05-09,India,3320.0,59662,95.0,1981
2020-05-10,India,3277.0,62939,128.0,2109
2020-05-11,India,4213.0,67152,97.0,2206
2020-05-12,India,3604.0,70756,87.0,2293
2020-05-13,India,3525.0,74281,122.0,2415
2020-05-14,India,3722.0,78003,134.0,2549
2020-05-15,India,3967.0,81970,100.0,2649
2020-05-16,India,3970.0,85940,103.0,2752
2020-05-17,India,4987.0,90927,120.0,2872
2020-05-18,India,5242.0,96169,157.0,3029
2020-05-19,India,4970.0,101139,134.0,3163
2020-05-20,India,5611.0,106750,140.0,3303
2020-05-21,India,5609.0,112359,132.0,3435
2020-05-22,India,6088.0,118447,148.0,3583
2020-05-23,India,6654.0,125101,137.0,3720
2020-05-24,India,6767.0,131868,147.0,3867
2020-05-25,India,6977.0,138845,154.0,4021
2020-05-26,India,6535.0,145380,146.0,4167
2020-05-27,India,6387.0,151767,170.0,4337
2020-05-28,India,6566.0,158333,194.0,4531
2020-05-29,India,7466.0,165799,175.0,4706
2020-05-30,India,7964.0,173763,265.0,4971
2020-05-31,India,8380.0,182143,193.0,5164
2020-06-01,India,8392.0,190535,230.0,5394
2020-06-02,India,8171.0,198706,204.0,5598
2020-06-03,India,8909.0,207615,217.0,5815
2020-06-04,India,9304.0,216919,260.0,6075
2020-06-05,India,9851.0,226770,273.0,6348
2020-06-06,India,9887.0,236657,294.0,6642
2020-06-07,India,9971.0,246628,287.0,6929
2020-06-08,India,9983.0,256611,271.0,7200
2020-06-09,India,9987.0,266598,271.0,7471
2020-06-10,India,9985.0,276583,274.0,7745
2020-06-11,India,9996.0,286579,357.0,8102
2020-06-12,India,10956.0,297535,396.0,8498
2020-06-13,India,11458.0,308993,386.0,8884
2020-06-14,India,11929.0,320922,311.0,9195
2020-06-15,India,11502.0,332424,325.0,9520
2020-06-16,India,10667.0,343091,380.0,9900
2020-06-17,India,10974.0,354065,2003.0,11903
2020-06-18,India,12881.0,366946,334.0,12237
2020-06-19,India,13586.0,380532,336.0,12573
2020-06-20,India,14516.0,395048,375.0,12948
2020-06-21,India,15413.0,410461,306.0,13254
2020-06-22,India,14821.0,425282,445.0,13699
2020-06-23,India,14933.0,440215,312.0,14011
2020-06-24,India,15968.0,456183,465.0,14476
2020-06-25,India,16922.0,473105,418.0,14894
2020-06-26,India,17296.0,490401,407.0,15301
2020-06-27,India,18552.0,508953,384.0,15685
2020-06-28,India,19906.0,528859,410.0,16095
2020-06-29,India,19459.0,548318,380.0,16475
2020-06-30,India,18522.0,566840,418.0,16893
2020-07-01,India,18653.0,585493,507.0,17400
2020-07-02,India,19148.0,604641,434.0,17834
2020-07-03,India,20903.0,625544,379.0,18213
2020-07-04,India,22771.0,648315,442.0,18655
2020-07-05,India,24850.0,673165,613.0,19268
2020-07-06,India,24248.0,697413,425.0,19693
2020-07-07,India,22252.0,719665,467.0,20160
2020-07-08,India,22752.0,742417,482.0,20642
2020-07-09,India,24879.0,767296,487.0,21129
2020-07-10,India,26506.0,793802,475.0,21604
2020-07-11,India,27114.0,820916,519.0,22123
2020-07-12,India,28637.0,849553,551.0,22674
2020-07-13,India,28701.0,878254,500.0,23174
2020-07-14,India,28498.0,906752,553.0,23727
2020-07-15,India,29429.0,936181,582.0,24309
2020-07-16,India,32695.0,968876,606.0,24915
2020-07-17,India,34956.0,1003832,687.0,25602
2020-07-18,India,34884.0,1038716,671.0,26273
2020-07-19,India,38902.0,1077618,543.0,26816
2020-07-20,India,40425.0,1118043,681.0,27497
2020-07-21,India,37148.0,1155191,587.0,28084
2020-07-22,India,37724.0,1192915,648.0,28732
2020-07-23,India,45720.0,1238635,1129.0,29861
2020-07-24,India,49310.0,1287945,740.0,30601
2020-07-25,India,48916.0,1336861,757.0,31358
2020-07-26,India,48661.0,1385522,705.0,32063
2020-07-27,India,49931.0,1435453,708.0,32771
2020-07-28,India,47703.0,1483156,654.0,33425
2020-07-29,India,48513.0,1531669,768.0,34193
2020-07-30,India,52123.0,1583792,775.0,34968
2020-07-31,India,55078.0,1638870,779.0,35747
2020-08-01,India,57118.0,1695988,764.0,36511
2020-08-02,India,54735.0,1750723,853.0,37364
2020-08-03,India,52972.0,1803695,771.0,38135
2020-08-04,India,52050.0,1855745,803.0,38938
2020-08-05,India,52509.0,1908254,857.0,39795
2020-08-06,India,56282.0,1964536,904.0,40699
2020-08-07,India,62538.0,2027074,886.0,41585
2020-08-08,India,61537.0,2088611,933.0,42518
2020-08-09,India,64399.0,2153010,861.0,43379
2020-08-10,India,62064.0,2215074,1007.0,44386
2020-08-11,India,53601.0,2268675,871.0,45257
2020-08-12,India,60963.0,2329638,834.0,46091
2020-08-13,India,66999.0,2396637,942.0,47033
2020-08-14,India,64553.0,2461190,1007.0,48040
2020-08-15,India,65002.0,2526192,996.0,49036
2020-08-16,India,63490.0,2589682,944.0,49980
2020-08-17,India,57981.0,2647663,941.0,50921
2020-08-18,India,55079.0,2702742,876.0,51797
2020-08-19,India,64531.0,2767273,1092.0,52889
2020-08-20,India,69652.0,2836925,977.0,53866
2020-08-21,India,68898.0,2905823,983.0,54849
2020-08-22,India,69878.0,2975701,945.0,55794
2020-08-23,India,69239.0,3044940,912.0,56706
2020-08-24,India,61408.0,3106348,836.0,57542
2020-08-25,India,60975.0,3167323,848.0,58390
2020-08-26,India,67151.0,3234474,1059.0,59449
2020-08-27,India,75760.0,3310234,1023.0,60472
2020-08-28,India,77266.0,3387500,1057.0,61529
2020-08-29,India,76472.0,3463972,1021.0,62550
2020-08-30,India,78761.0,3542733,948.0,63498
2020-08-31,India,78512.0,3621245,971.0,64469
2020-09-01,India,69921.0,3691166,819.0,65288
2020-09-02,India,78357.0,3769523,1045.0,66333
2020-09-03,India,83883.0,3853406,1043.0,67376
2020-09-04,India,83341.0,3936747,1096.0,68472
2020-09-05,India,86432.0,4023179,1089.0,69561
2020-09-06,India,90632.0,4113811,1065.0,70626
2020-09-07,India,90802.0,4204613,1016.0,71642
2020-09-08,India,75809.0,4280422,1133.0,72775
2020-09-09,India,89706.0,4370128,1115.0,73890
2020-09-10,India,95735.0,4465863,1172.0,75062
2020-09-11,India,96551.0,4562414,1209.0,76271
2020-09-12,India,97570.0,4659984,1201.0,77472
2020-09-13,India,94372.0,4754356,1114.0,78586
2020-09-14,India,92071.0,4846427,1136.0,79722
2020-09-15,India,83809.0,4930236,1054.0,80776
2020-09-16,India,90123.0,5020359,1290.0,82066
2020-09-17,India,97894.0,5118253,1132.0,83198
2020-09-18,India,96424.0,5214677,1174.0,84372
2020-09-19,India,93337.0,5308014,1247.0,85619
2020-09-20,India,92605.0,5400619,1133.0,86752
2020-09-21,India,86961.0,5487580,1130.0,87882
2020-09-22,India,75083.0,5562663,1053.0,88935
2020-09-23,India,83347.0,5646010,1085.0,90020
2020-09-24,India,86508.0,5732518,1129.0,91149
2020-09-25,India,86052.0,5818570,1141.0,92290
2020-09-26,India,85362.0,5903932,1089.0,93379
2020-09-27,India,88600.0,5992532,1124.0,94503
2020-09-28,India,82170.0,6074702,1039.0,95542
2020-09-29,India,70589.0,6145291,776.0,96318
2020-09-30,India,80472.0,6225763,1179.0,97497
2020-10-01,India,86821.0,6312584,1181.0,98678
2020-10-02,India,81484.0,6394068,1095.0,99773
2020-10-03,India,79476.0,6473544,1069.0,100842
2020-10-04,India,75829.0,6549373,940.0,101782
2020-10-05,India,74442.0,6623815,903.0,102685
2020-10-06,India,61267.0,6685082,884.0,103569
2020-10-07,India,72049.0,6757131,986.0,104555
2020-10-08,India,78524.0,6835655,971.0,105526
2020-10-09,India,70496.0,6906151,964.0,106490
2020-10-10,India,73272.0,6979423,926.0,107416
2020-10-11,India,74383.0,7053806,918.0,108334
2020-10-12,India,66732.0,7120538,816.0,109150
2020-10-13,India,55342.0,7175880,706.0,109856
2020-10-14,India,63509.0,7239389,730.0,110586
2020-10-15,India,67708.0,7307097,680.0,111266
2020-10-16,India,63371.0,7370468,895.0,112161
2020-10-17,India,62212.0,7432680,837.0,112998
2020-10-18,India,61871.0,7494551,1033.0,114031
2020-10-19,India,55722.0,7550273,579.0,114610
2020-10-20,India,46790.0,7597063,587.0,115197
2020-10-21,India,54044.0,7651107,717.0,115914
2020-10-22,India,55839.0,7706946,702.0,116616
2020-10-23,India,54366.0,7761312,690.0,117306
2020-10-24,India,53370.0,7814682,650.0,117956
2020-10-25,India,50129.0,7864811,578.0,118534
2020-10-26,India,45148.0,7909959,480.0,119014
2020-10-27,India,36470.0,7946429,488.0,119502
2020-10-28,India,43893.0,7990322,508.0,120010
2020-10-29,India,49881.0,8040203,517.0,120527
2020-10-30,India,48648.0,8088851,563.0,121090
2020-10-31,India,48268.0,8137119,551.0,121641
2020-11-01,India,46963.0,8184082,470.0,122111
2020-11-02,India,45231.0,8229313,496.0,122607
2020-11-03,India,38310.0,8267623,490.0,123097
2020-11-04,India,46253.0,8313876,514.0,123611
2020-11-05,India,50210.0,8364086,704.0,124315
2020-11-06,India,47638.0,8411724,670.0,124985
2020-11-07,India,50356.0,8462080,577.0,125562
2020-11-08,India,45674.0,8507754,559.0,126121
2020-11-09,India,45903.0,8553657,490.0,126611
2020-11-10,India,38073.0,8591730,448.0,127059
2020-11-11,India,44281.0,8636011,512.0,127571
2020-11-12,India,47905.0,8683916,550.0,128121
2020-11-13,India,44879.0,8728795,547.0,128668
2020-11-14,India,44684.0,8773479,520.0,129188
2020-11-15,India,41100.0,8814579,447.0,129635
2020-11-16,India,30548.0,8845127,435.0,130070
2020-11-17,India,29163.0,8874290,449.0,130519
2020-11-18,India,38617.0,8912907,474.0,130993
2020-11-19,India,45576.0,8958483,585.0,131578
2020-11-20,India,45882.0,9004365,584.0,132162
2020-11-21,India,46232.0,9050597,564.0,132726
2020-11-22,India,45209.0,9095806,501.0,133227
2020-11-23,India,44059.0,9139865,511.0,133738
2020-11-24,India,37975.0,9177840,480.0,134218
2020-11-25,India,44376.0,9222216,481.0,134699
2020-11-26,India,44489.0,9266705,524.0,135223
2020-11-27,India,43082.0,9309787,492.0,135715
2020-11-28,India,41322.0,9351109,485.0,136200
2020-11-29,India,41810.0,9392919,496.0,136696
2020-11-30,India,38772.0,9431691,443.0,137139
2020-12-01,India,31118.0,9462809,482.0,137621
2020-12-02,India,36604.0,9499413,501.0,138122
2020-12-03,India,35551.0,9534964,526.0,138648
2020-12-04,India,36595.0,9571559,540.0,139188
2020-12-05,India,36652.0,9608211,512.0,139700
2020-12-06,India,36011.0,9644222,482.0,140182
2020-12-07,India,32981.0,9677203,391.0,140573
2020-12-08,India,26567.0,9703770,385.0,140958
2020-12-09,India,32080.0,9735850,402.0,141360
2020-12-10,India,31521.0,9767371,412.0,141772
2020-12-11,India,29398.0,9796769,414.0,142186
2020-12-12,India,30006.0,9826775,442.0,142628
2020-12-13,India,30254.0,9857029,391.0,143019
2020-12-14,India,27071.0,9884100,336.0,143355
2020-12-15,India,22065.0,9906165,354.0,143709
2020-12-16,India,26382.0,9932547,387.0,144096
2020-12-17,India,24010.0,9956557,355.0,144451
2020-12-18,India,22890.0,9979447,338.0,144789
2020-12-19,India,25152.0,10004599,347.0,145136
2020-12-20,India,26624.0,10031223,341.0,145477
2020-12-21,India,24337.0,10055560,333.0,145810
2020-12-22,India,19556.0,10075116,301.0,146111
2020-12-23,India,23950.0,10099066,333.0,146444
2020-12-24,India,24712.0,10123778,312.0,146756
2020-12-25,India,23067.0,10146845,336.0,147092
2020-12-26,India,22273.0,10169118,251.0,147343
2020-12-27,India,18732.0,10187850,279.0,147622
2020-12-28,India,20021.0,10207871,279.0,147901
2020-12-29,India,16432.0,10224303,252.0,148153
2020-12-30,India,20549.0,10244852,286.0,148439
2020-12-31,India,21822.0,10266674,299.0,148738
2021-01-01,India,20035.0,10286709,256.0,148994
2021-01-02,India,19079.0,10305788,224.0,149218
2021-01-03,India,18177.0,10323965,217.0,149435
2021-01-04,India,16504.0,10340469,214.0,149649
2021-01-05,India,16375.0,10356844,201.0,149850
2021-01-06,India,18088.0,10374932,264.0,150114
2021-01-07,India,20346.0,10395278,222.0,150336
2021-01-08,India,18139.0,10413417,234.0,150570
2021-01-09,India,18222.0,10431639,228.0,150798
2021-01-10,India,18645.0,10450284,201.0,150999
2021-01-11,India,16311.0,10466595,161.0,151160
2021-01-12,India,12584.0,10479179,167.0,151327
2021-01-13,India,15968.0,10495147,202.0,151529
2021-01-14,India,16946.0,10512093,198.0,151727
2021-01-15,India,15590.0,10527683,191.0,151918
2021-01-16,India,15158.0,10542841,175.0,152093
2021-01-17,India,15144.0,10557985,181.0,152274
2021-01-18,India,13788.0,10571773,145.0,152419
2021-01-19,India,10064.0,10581837,137.0,152556
2021-01-20,India,13823.0,10595660,162.0,152718
2021-01-21,India,15223.0,10610883,151.0,152869
2021-01-22,India,14545.0,10625428,163.0,153032
2021-01-23,India,14256.0,10639684,152.0,153184
2021-01-24,India,14849.0,10654533,155.0,153339
2021-01-25,India,13203.0,10667736,131.0,153470
2021-01-26,India,9102.0,10676838,117.0,153587
2021-01-27,India,12689.0,10689527,137.0,153724
2021-01-28,India,11666.0,10701193,123.0,153847
2021-01-29,India,18855.0,10720048,163.0,154010
2021-01-30,India,13083.0,10733131,137.0,154147
2021-01-31,India,13052.0,10746183,127.0,154274
2021-02-01,India,11427.0,10757610,118.0,154392
2021-02-02,India,8635.0,10766245,94.0,154486
2021-02-03,India,11039.0,10777284,110.0,154596
2021-02-04,India,12899.0,10790183,107.0,154703
2021-02-05,India,12408.0,10802591,120.0,154823
2021-02-06,India,11713.0,10814304,95.0,154918
2021-02-07,India,12059.0,10826363,78.0,154996
2021-02-08,India,11831.0,10838194,84.0,155080
2021-02-09,India,9110.0,10847304,78.0,155158
2021-02-10,India,11067.0,10858371,94.0,155252
2021-02-11,India,12923.0,10871294,108.0,155360
2021-02-12,India,9309.0,10880603,87.0,155447
2021-02-13,India,12143.0,10892746,103.0,155550
2021-02-14,India,12194.0,10904940,92.0,155642
2021-02-15,India,11649.0,10916589,90.0,155732
2021-02-16,India,9121.0,10925710,81.0,155813
2021-02-17,India,11610.0,10937320,100.0,155913
2021-02-18,India,12881.0,10950201,101.0,156014
2021-02-19,India,13193.0,10963394,97.0,156111
2021-02-20,India,13993.0,10977387,101.0,156212
2021-02-21,India,14264.0,10991651,90.0,156302
2021-02-22,India,14199.0,11005850,83.0,156385
2021-02-23,India,10584.0,11016434,78.0,156463
2021-02-24,India,13742.0,11030176,104.0,156567
2021-02-25,India,16738.0,11046914,138.0,156705
2021-02-26,India,16577.0,11063491,120.0,156825
2021-02-27,India,16488.0,11079979,113.0,156938
2021-02-28,India,16752.0,11096731,113.0,157051
2021-03-01,India,15510.0,11112241,106.0,157157
2021-03-02,India,12286.0,11124527,91.0,157248
2021-03-03,India,14989.0,11139516,98.0,157346
2021-03-04,India,17407.0,11156923,89.0,157435
2021-03-05,India,16838.0,11173761,113.0,157548
2021-03-06,India,18327.0,11192088,108.0,157656
2021-03-07,India,18711.0,11210799,100.0,157756
2021-03-08,India,18599.0,11229398,97.0,157853
2021-03-09,India,15388.0,11244786,77.0,157930
2021-03-10,India,17921.0,11262707,133.0,158063
2021-03-11,India,22854.0,11285561,126.0,158189
2021-03-12,India,23285.0,11308846,117.0,158306
2021-03-13,India,24882.0,11333728,140.0,158446
2021-03-14,India,25320.0,11359048,161.0,158607
2021-03-15,India,26291.0,11385339,118.0,158725
2021-03-16,India,24492.0,11409831,131.0,158856
2021-03-17,India,28903.0,11438734,188.0,159044
2021-03-18,India,35871.0,11474605,172.0,159216
2021-03-19,India,39726.0,11514331,154.0,159370
2021-03-20,India,40953.0,11555284,188.0,159558
2021-03-21,India,43846.0,11599130,197.0,159755
2021-03-22,India,46951.0,11646081,212.0,159967
2021-03-23,India,40715.0,11686796,199.0,160166
2021-03-24,India,47262.0,11734058,275.0,160441
2021-03-25,India,53476.0,11787534,251.0,160692
2021-03-26,India,59118.0,11846652,257.0,160949
2021-03-27,India,62258.0,11908910,291.0,161240
2021-03-28,India,62714.0,11971624,312.0,161552
2021-03-29,India,68020.0,12039644,291.0,161843
2021-03-30,India,56211.0,12095855,271.0,162114
2021-03-31,India,53480.0,12149335,354.0,162468
2021-04-01,India,72330.0,12221665,459.0,162927
2021-04-02,India,81466.0,12303131,469.0,163396
2021-04-03,India,89129.0,12392260,714.0,164110
2021-04-04,India,93249.0,12485509,513.0,164623
2021-04-05,India,103558.0,12589067,478.0,165101
2021-04-06,India,96982.0,12686049,446.0,165547
2021-04-07,India,115736.0,12801785,630.0,166177
2021-04-08,India,126789.0,12928574,685.0,166862
2021-04-09,India,131968.0,13060542,780.0,167642
2021-04-10,India,145384.0,13205926,794.0,168436
2021-04-11,India,152879.0,13358805,839.0,169275
2021-04-12,India,168912.0,13527717,904.0,170179
2021-04-13,India,161736.0,13689453,879.0,171058
2021-04-14,India,184372.0,13873825,1027.0,172085
2021-04-15,India,200739.0,14074564,1038.0,173123
2021-04-16,India,217353.0,14291917,1185.0,174308
2021-04-17,India,234692.0,14526609,1341.0,175649
2021-04-18,India,261500.0,14788109,1501.0,177150
2021-04-19,India,273810.0,15061919,1619.0,178769
2021-04-20,India,259170.0,15321089,1761.0,180530
2021-04-21,India,295041.0,15616130,2023.0,182553
2021-04-22,India,314835.0,15930965,2104.0,184657
2021-04-23,India,332730.0,16263695,2263.0,186920
2021-04-24,India,346786.0,16610481,2624.0,189544
2021-04-25,India,349691.0,16960172,2767.0,192311
2021-04-26,India,352991.0,17313163,2812.0,195123
2021-04-27,India,323144.0,17636307,2771.0,197894
2021-04-28,India,360960.0,17997267,3293.0,201187
2021-04-29,India,379257.0,18376524,3645.0,204832
2021-04-30,India,386452.0,18762976,3498.0,208330
2021-05-01,India,401993.0,19164969,3523.0,211853
2021-05-02,India,392488.0,19557457,3689.0,215542
2021-05-03,India,368147.0,19925604,3417.0,218959
2021-05-04,India,357229.0,20282833,3449.0,222408
2021-05-05,India,382315.0,20665148,3780.0,226188
2021-05-06,India,412262.0,21077410,3980.0,230168
2021-05-07,India,414188.0,21491598,3915.0,234083
2021-05-08,India,401078.0,21892676,4187.0,238270
2021-05-09,India,403738.0,22296414,4092.0,242362
2021-05-10,India,366161.0,22662575,3754.0,246116
2021-05-11,India,329942.0,22992517,3876.0,249992
2021-05-12,India,348421.0,23340938,4205.0,254197
2021-05-13,India,362727.0,23703665,4120.0,258317
2021-05-14,India,343144.0,24046809,4000.0,262317
2021-05-15,India,326098.0,24372907,3890.0,266207
2021-05-16,India,311170.0,24684077,4077.0,270284
2021-05-17,India,281386.0,24965463,4106.0,274390
2021-05-18,India,263533.0,25228996,4329.0,278719
2021-05-19,India,267334.0,25496330,4529.0,283248
2021-05-20,India,276110.0,25772440,3874.0,287122
2021-05-21,India,259551.0,26031991,4209.0,291331
2021-05-22,India,257299.0,26289290,4194.0,295525
2021-05-23,India,240842.0,26530132,3741.0,299266
2021-05-24,India,222315.0,26752447,4454.0,303720
2021-05-25,India,196427.0,26948874,3511.0,307231
2021-05-26,India,208921.0,27157795,4157.0,311388
2021-05-27,India,211298.0,27369093,3847.0,315235
2021-05-28,India,186364.0,27555457,3660.0,318895
2021-05-29,India,173790.0,27729247,3617.0,322512
2021-05-30,India,165553.0,27894800,3460.0,325972
2021-05-31,India,152734.0,28047534,3128.0,329100
2021-06-01,India,127510.0,28175044,2795.0,331895
2021-06-02,India,132788.0,28307832,3207.0,335102
2021-06-03,India,134154.0,28441986,2887.0,337989
2021-06-04,India,132364.0,28574350,2713.0,340702
2021-06-05,India,120529.0,28694879,3380.0,344082
2021-06-06,India,114460.0,28809339,2677.0,346759
2021-06-07,India,100636.0,28909975,2427.0,349186
2021-06-08,India,86498.0,28996473,2123.0,351309
2021-06-09,India,92596.0,29089069,2219.0,353528
2021-06-10,India,94052.0,29183121,6148.0,359676
2021-06-11,India,91702.0,29274823,3403.0,363079
2021-06-12,India,84332.0,29359155,4002.0,367081
2021-06-13,India,80834.0,29439989,3303.0,370384
2021-06-14,India,70421.0,29510410,3921.0,374305
2021-06-15,India,60471.0,29570881,2726.0,377031
2021-06-16,India,62224.0,29633105,2542.0,379573
2021-06-17,India,67208.0,29700313,2330.0,381903
2021-06-18,India,62480.0,29762793,1587.0,383490
2021-06-19,India,60753.0,29823546,1647.0,385137
2021-06-20,India,58419.0,29881965,1576.0,386713
2021-06-21,India,53256.0,29935221,1422.0,388135
2021-06-22,India,42640.0,29977861,1167.0,389302
2021-06-23,India,50848.0,30028709,1358.0,390660
2021-06-24,India,54069.0,30082778,1321.0,391981
2021-06-25,India,51667.0,30134445,1329.0,393310
2021-06-26,India,48698.0,30183143,1183.0,394493
2021-06-27,India,50040.0,30233183,1258.0,395751
2021-06-28,India,46148.0,30279331,979.0,396730
2021-06-29,India,37566.0,30316897,907.0,397637
2021-06-30,India,45951.0,30362848,817.0,398454
2021-07-01,India,48786.0,30411634,1005.0,399459
2021-07-02,India,46617.0,30458251,853.0,400312
2021-07-03,India,44111.0,30502362,738.0,401050
2021-07-04,India,43071.0,30545433,955.0,402005
2021-07-05,India,39796.0,30585229,723.0,402728
2021-07-06,India,34703.0,30619932,553.0,403281
2021-07-07,India,43733.0,30663665,930.0,404211
2021-07-08,India,45892.0,30709557,817.0,405028
2021-07-09,India,43393.0,30752950,911.0,405939
2021-07-10,India,42766.0,30795716,1206.0,407145
2021-07-11,India,41506.0,30837222,895.0,408040
2021-07-12,India,37154.0,30874376,724.0,408764
2021-07-13,India,32906.0,30907282,2020.0,410784
2021-07-14,India,38792.0,30946074,624.0,411408
2021-07-15,India,41806.0,30987880,581.0,411989
2021-07-16,India,38949.0,31026829,542.0,412531
2021-07-17,India,38079.0,31064908,560.0,413091
2021-07-18,India,41157.0,31106065,518.0,413609
2021-07-19,India,38164.0,31144229,499.0,414108
2021-07-20,India,30093.0,31174322,374.0,414482
2021-07-21,India,42015.0,31216337,3998.0,418480
2021-07-22,India,41383.0,31257720,507.0,418987
2021-07-23,India,35342.0,31293062,483.0,419470
2021-07-24,India,39097.0,31332159,546.0,420016
2021-07-25,India,39742.0,31371901,535.0,420551
2021-07-26,India,39361.0,31411262,416.0,420967
2021-07-27,India,29689.0,31440951,415.0,421382
2021-07-28,India,43654.0,31484605,640.0,422022
2021-07-29,India,43509.0,31528114,640.0,422662
2021-07-30,India,44230.0,31572344,555.0,423217
2021-07-31,India,41649.0,31613993,593.0,423810
2021-08-01,India,41831.0,31655824,541.0,424351
2021-08-02,India,40134.0,31695958,422.0,424773
2021-08-03,India,30549.0,31726507,422.0,425195
2021-08-04,India,42625.0,31769132,562.0,425757
2021-08-05,India,42982.0,31812114,533.0,426290
2021-08-06,India,44643.0,31856757,464.0,426754
2021-08-07,India,38628.0,31895385,617.0,427371
2021-08-08,India,39070.0,31934455,491.0,427862
2021-08-09,India,35499.0,31969954,447.0,428309
2021-08-10,India,28204.0,31998158,373.0,428682
2021-08-11,India,38353.0,32036511,497.0,429179
2021-08-12,India,41195.0,32077706,490.0,429669
2021-08-13,India,40120.0,32117826,585.0,430254
2021-08-14,India,38667.0,32156493,478.0,430732
2021-08-15,India,36083.0,32192576,493.0,431225
2021-08-16,India,32937.0,32225513,417.0,431642
2021-08-17,India,25166.0,32250679,437.0,432079
2021-08-18,India,35178.0,32285857,440.0,432519
2021-08-19,India,36401.0,32322258,530.0,433049
2021-08-20,India,36571.0,32358829,540.0,433589
2021-08-21,India,34457.0,32393286,375.0,433964
2021-08-22,India,30948.0,32424234,403.0,434367
2021-08-23,India,25072.0,32449306,389.0,434756
2021-08-24,India,25467.0,32474773,354.0,435110
2021-08-25,India,37593.0,32512366,648.0,435758
2021-08-26,India,46164.0,32558530,607.0,436365
2021-08-27,India,44658.0,32603188,496.0,436861
2021-08-28,India,46759.0,32649947,509.0,437370
2021-08-29,India,45083.0,32695030,460.0,437830
2021-08-30,India,42909.0,32737939,380.0,438210
2021-08-31,India,30941.0,32768880,350.0,438560
2021-09-01,India,41965.0,32810845,460.0,439020
2021-09-02,India,47092.0,32857937,509.0,439529
2021-09-03,India,45352.0,32903289,366.0,439895
2021-09-04,India,42618.0,32945907,330.0,440225
2021-09-05,India,42766.0,32988673,308.0,440533
2021-09-06,India,38948.0,33027621,219.0,440752
2021-09-07,India,31222.0,33058843,290.0,441042
2021-09-08,India,37875.0,33096718,369.0,441411
2021-09-09,India,43263.0,33139981,338.0,441749
2021-09-10,India,34973.0,33174954,260.0,442009
2021-09-11,India,33376.0,33208330,308.0,442317
2021-09-12,India,28591.0,33236921,338.0,442655
2021-09-13,India,27254.0,33264175,219.0,442874
2021-09-14,India,25404.0,33289579,339.0,443213
2021-09-15,India,27176.0,33316755,284.0,443497
2021-09-16,India,30570.0,33347325,431.0,443928
2021-09-17,India,34403.0,33381728,320.0,444248
2021-09-18,India,35662.0,33417390,281.0,444529
2021-09-19,India,30773.0,33448163,309.0,444838
2021-09-20,India,30256.0,33478419,295.0,445133
2021-09-21,India,26115.0,33504534,252.0,445385
2021-09-22,India,26964.0,33531498,383.0,445768
2021-09-23,India,31923.0,33563421,282.0,446050
2021-09-24,India,31382.0,33594803,318.0,446368
2021-09-25,India,29616.0,33624419,290.0,446658
2021-09-26,India,28326.0,33652745,260.0,446918
2021-09-27,India,26041.0,33678786,276.0,447194
2021-09-28,India,18795.0,33697581,179.0,447373
2021-09-29,India,18870.0,33716451,378.0,447751
2021-09-30,India,23529.0,33739980,311.0,448062
2021-10-01,India,26727.0,33766707,277.0,448339
2021-10-02,India,24354.0,33791061,234.0,448573
2021-10-03,India,22842.0,33813903,244.0,448817
2021-10-04,India,20799.0,33834702,180.0,448997
2021-10-05,India,18346.0,33853048,263.0,449260
2021-10-06,India,18833.0,33871881,278.0,449538
2021-10-07,India,22431.0,33894312,318.0,449856
2021-10-08,India,21257.0,33915569,271.0,450127
2021-10-09,India,19740.0,33935309,248.0,450375
2021-10-10,India,18166.0,33953475,214.0,450589
2021-10-11,India,18132.0,33971607,193.0,450782
2021-10-12,India,14313.0,33985920,181.0,450963
2021-10-13,India,15823.0,34001743,226.0,451189
2021-10-14,India,18987.0,34020730,246.0,451435
2021-10-15,India,16862.0,34037592,379.0,451814
2021-10-16,India,15981.0,34053573,166.0,451980
2021-10-17,India,14146.0,34067719,144.0,452124
2021-10-18,India,13596.0,34081315,166.0,452290
2021-10-19,India,13058.0,34094373,164.0,452454
2021-10-20,India,14623.0,34108996,197.0,452651
2021-10-21,India,18454.0,34127450,160.0,452811
2021-10-22,India,15786.0,34143236,231.0,453042
2021-10-23,India,16326.0,34159562,666.0,453708
2021-10-24,India,15906.0,34175468,561.0,454269
2021-10-25,India,14306.0,34189774,443.0,454712
2021-10-26,India,12428.0,34202202,356.0,455068
2021-10-27,India,13451.0,34215653,585.0,455653
2021-10-28,India,16156.0,34231809,733.0,456386
2021-10-29,India,14348.0,34246157,805.0,457191
2021-10-30,India,14313.0,34260470,549.0,457740
2021-10-31,India,12830.0,34273300,446.0,458186
2021-11-01,India,12514.0,34285814,251.0,458437
2021-11-02,India,10423.0,34296237,443.0,458880
2021-11-03,India,11903.0,34308140,311.0,459191
2021-11-04,India,12885.0,34321025,461.0,459652
2021-11-05,India,12729.0,34333754,221.0,459873
2021-11-06,India,10929.0,34344683,392.0,460265
2021-11-07,India,10853.0,34355536,526.0,460791
2021-11-08,India,11451.0,34366987,266.0,461057
2021-11-09,India,10126.0,34377113,332.0,461389
2021-11-10,India,11466.0,34388579,460.0,461849
2021-11-11,India,13091.0,34401670,340.0,462189
2021-11-12,India,12516.0,34414186,501.0,462690
2021-11-13,India,11850.0,34426036,555.0,463245
2021-11-14,India,11271.0,34437307,285.0,463530
2021-11-15,India,10229.0,34447536,125.0,463655
2021-11-16,India,8865.0,34456401,197.0,463852
2021-11-17,India,10197.0,34466598,301.0,464153
2021-11-18,India,11919.0,34478517,470.0,464623
2021-11-19,India,11106.0,34489623,459.0,465082
2021-11-20,India,10302.0,34499925,267.0,465349
2021-11-21,India,10488.0,34510413,313.0,465662
2021-11-22,India,8488.0,34518901,249.0,465911
2021-11-23,India,7579.0,34526480,236.0,466147
2021-11-24,India,9283.0,34535763,437.0,466584
2021-11-25,India,9119.0,34544882,396.0,466980
2021-11-26,India,10549.0,34555431,488.0,467468
2021-11-27,India,8318.0,34563749,465.0,467933
2021-11-28,India,8774.0,34572523,621.0,468554
2021-11-29,India,8309.0,34580832,236.0,468790
2021-11-30,India,6990.0,34587822,190.0,468980
2021-12-01,India,8954.0,34596776,267.0,469247
2021-12-02,India,9765.0,34606541,477.0,469724
2021-12-03,India,9216.0,34615757,391.0,470115
2021-12-04,India,8603.0,34624360,415.0,470530
2021-12-05,India,8895.0,34633255,2796.0,473326
2021-12-06,India,8306.0,34641561,211.0,473537
2021-12-07,India,6822.0,34648383,220.0,473757
2021-12-08,India,8439.0,34656822,195.0,473952
2021-12-09,India,9419.0,34666241,159.0,474111
2021-12-10,India,8503.0,34674744,624.0,474735
2021-12-11,India,7992.0,34682736,393.0,475128
2021-12-12,India,7774.0,34690510,306.0,475434
2021-12-13,India,7350.0,34697860,202.0,475636
2021-12-14,India,5784.0,34703644,252.0,475888
2021-12-15,India,6984.0,34710628,247.0,476135
2021-12-16,India,7974.0,34718602,343.0,476478
2021-12-17,India,7447.0,34726049,391.0,476869
2021-12-18,India,7145.0,34733194,289.0,477158
2021-12-19,India,7081.0,34740275,264.0,477422
2021-12-20,India,6563.0,34746838,132.0,477554
2021-12-21,India,5326.0,34752164,453.0,478007
2021-12-22,India,6317.0,34758481,318.0,478325
2021-12-23,India,7495.0,34765976,434.0,478759
2021-12-24,India,6650.0,34772626,374.0,479133
2021-12-25,India,7189.0,34779815,387.0,479520
2021-12-26,India,6987.0,34786802,162.0,479682
2021-12-27,India,6531.0,34793333,315.0,479997
2021-12-28,India,6358.0,34799691,293.0,480290
2021-12-29,India,9195.0,34808886,302.0,480592
2021-12-30,India,13154.0,34822040,268.0,480860
2021-12-31,India,16764.0,34838804,220.0,481080
2022-01-01,India,22775.0,34861579,406.0,481486
2022-01-02,India,27553.0,34889132,284.0,481770
2022-01-03,India,33750.0,34922882,123.0,481893
2022-01-04,India,37379.0,34960261,124.0,482017
2022-01-05,India,58097.0,35018358,534.0,482551
2022-01-06,India,90928.0,35109286,325.0,482876
2022-01-07,India,117100.0,35226386,302.0,483178
2022-01-08,India,141986.0,35368372,285.0,483463
2022-01-09,India,159632.0,35528004,327.0,483790
2022-01-10,India,179723.0,35707727,146.0,483936
2022-01-11,India,168063.0,35875790,277.0,484213
2022-01-12,India,194720.0,36070510,442.0,484655
2022-01-13,India,247417.0,36317927,380.0,485035
2022-01-14,India,264202.0,36582129,315.0,485350
2022-01-15,India,268833.0,36850962,402.0,485752
2022-01-16,India,271202.0,37122164,314.0,486066
2022-01-17,India,258089.0,37380253,385.0,486451
2022-01-18,India,238018.0,37618271,310.0,486761
2022-01-19,India,282970.0,37901241,441.0,487202
2022-01-20,India,317532.0,38218773,491.0,487693
2022-01-21,India,347254.0,38566027,703.0,488396
2022-01-22,India,337704.0,38903731,488.0,488884
2022-01-23,India,333533.0,39237264,525.0,489409
2022-01-24,India,306064.0,39543328,439.0,489848
2022-01-25,India,255874.0,39799202,614.0,490462
2022-01-26,India,285914.0,40085116,665.0,491127
2022-01-27,India,286384.0,40371500,573.0,491700
2022-01-28,India,251209.0,40622709,627.0,492327
2022-01-29,India,235532.0,40858241,871.0,493198
2022-01-30,India,234281.0,41092522,893.0,494091
2022-01-31,India,209918.0,41302440,959.0,495050
2022-02-01,India,167059.0,41469499,1192.0,496242
2022-02-02,India,161386.0,41630885,1733.0,497975
2022-02-03,India,172433.0,41803318,1008.0,498983
2022-02-04,India,149394.0,41952712,1072.0,500055
2022-02-05,India,127952.0,42080664,1059.0,501114
2022-02-06,India,107474.0,42188138,865.0,501979
2022-02-07,India,83876.0,42272014,895.0,502874
2022-02-08,India,67597.0,42339611,1188.0,504062
2022-02-09,India,71365.0,42410976,1217.0,505279
2022-02-10,India,67084.0,42478060,1241.0,506520
2022-02-11,India,58077.0,42536137,657.0,507177
2022-02-12,India,50407.0,42586544,804.0,507981
2022-02-13,India,44877.0,42631421,684.0,508665
2022-02-14,India,34113.0,42665534,346.0,509011
2022-02-15,India,27409.0,42692943,347.0,509358
2022-02-16,India,30615.0,42723558,514.0,509872
2022-02-17,India,30757.0,42754315,541.0,510413
2022-02-18,India,25920.0,42780235,492.0,510905
2022-02-19,India,22270.0,42802505,325.0,511230
2022-02-20,India,19968.0,42822473,673.0,511903
2022-02-21,India,16051.0,42838524,206.0,512109
2022-02-22,India,13405.0,42851929,235.0,512344
2022-02-23,India,15102.0,42867031,278.0,512622
2022-02-24,India,14148.0,42881179,302.0,512924
2022-02-25,India,13166.0,42894345,302.0,513226
2022-02-26,India,11499.0,42905844,255.0,513481
2022-02-27,India,10273.0,42916117,243.0,513724
2022-02-28,India,8013.0,42924130,119.0,513843
2022-03-01,India,6915.0,42931045,180.0,514023
2022-03-02,India,7554.0,42938599,223.0,514246
2022-03-03,India,6561.0,42945160,142.0,514388
2022-03-04,India,6396.0,42951556,201.0,514589
2022-03-05,India,5921.0,42957477,289.0,514878
2022-03-06,India,5476.0,42962953,158.0,515036
2022-03-07,India,4362.0,42967315,66.0,515102
2022-03-08,India,3993.0,42971308,108.0,515210
2022-03-09,India,4575.0,42975883,145.0,515355
2022-03-10,India,4184.0,42980067,104.0,515459
2022-03-11,India,4194.0,42984261,255.0,515714
2022-03-12,India,3614.0,42987875,89.0,515803
2022-03-13,India,3116.0,42990991,47.0,515850
2022-03-14,India,2503.0,42993494,27.0,515877
2022-03-15,India,2568.0,42996062,97.0,515974
2022-03-16,India,2876.0,42998938,98.0,516072
2022-03-17,India,2539.0,43001477,60.0,516132
2022-03-18,India,2528.0,43004005,149.0,516281
2022-03-19,India,2075.0,43006080,71.0,516352
2022-03-20,India,1761.0,43007841,127.0,516479
2022-03-21,India,1549.0,43009390,31.0,516510
2022-03-22,India,1581.0,43010971,33.0,516543
2022-03-23,India,1778.0,43012749,62.0,516605
2022-03-24,India,1938.0,43014687,67.0,516672
2022-03-25,India,1685.0,43016372,83.0,516755
2022-03-26,India,1660.0,43018032,4100.0,520855
2022-03-27,India,1421.0,43019453,149.0,521004
2022-03-28,India,1270.0,43020723,31.0,521035
2022-03-29,India,1259.0,43021982,35.0,521070
2022-03-30,India,1233.0,43023215,31.0,521101
2022-03-31,India,1225.0,43024440,28.0,521129
2022-04-01,India,1335.0,43025775,52.0,521181
2022-04-02,India,1260.0,43027035,83.0,521264
2022-04-03,India,1096.0,43028131,81.0,521345
2022-04-04,India,913.0,43029044,13.0,521358
2022-04-05,India,795.0,43029839,58.0,521416
2022-04-06,India,1086.0,43030925,71.0,521487
2022-04-07,India,1033.0,43031958,43.0,521530
2022-04-08,India,1109.0,43033067,43.0,521573
2022-04-09,India,1150.0,43034217,83.0,521656
2022-04-10,India,1054.0,43035271,29.0,521685
2022-04-11,India,861.0,43036132,6.0,521691
2022-04-12,India,796.0,43036928,19.0,521710
2022-04-13,India,1088.0,43038016,26.0,521736
2022-04-14,India,1007.0,43039023,1.0,521737
2022-04-15,India,949.0,43039972,6.0,521743
2022-04-16,India,975.0,43040947,4.0,521747
2022-04-17,India,1150.0,43042097,4.0,521751
2022-04-18,India,2183.0,43044280,214.0,521965
2022-04-19,India,1247.0,43045527,1.0,521966
2022-04-20,India,2067.0,43047594,40.0,522006
2022-04-21,India,2380.0,43049974,56.0,522062
2022-04-22,India,2451.0,43052425,54.0,522116
2022-04-23,India,2527.0,43054952,33.0,522149
2022-04-24,India,2593.0,43057545,44.0,522193
2022-04-25,India,2541.0,43060086,30.0,522223
2022-04-26,India,2483.0,43062569,1399.0,523622
2022-04-27,India,2927.0,43065496,32.0,523654
2022-04-28,India,3303.0,43068799,39.0,523693
2022-04-29,India,3377.0,43072176,60.0,523753
2022-04-30,India,3688.0,43075864,50.0,523803
2022-05-01,India,3324.0,43079188,40.0,523843
2022-05-02,India,3157.0,43082345,26.0,523869
2022-05-03,India,2568.0,43084913,20.0,523889
2022-05-04,India,3205.0,43088118,31.0,523920
2022-05-05,India,3275.0,43091393,55.0,523975
2022-05-06,India,3545.0,43094938,27.0,524002
2022-05-07,India,3805.0,43098743,22.0,524024
2022-05-08,India,3451.0,43102194,40.0,524064
2022-05-09,India,3207.0,43105401,29.0,524093
2022-05-10,India,2288.0,43107689,10.0,524103
2022-05-11,India,2897.0,43110586,54.0,524157
2022-05-12,India,2827.0,43113413,24.0,524181
2022-05-13,India,2841.0,43116254,9.0,524190
2022-05-14,India,2858.0,43119112,11.0,524201
2022-05-15,India,2487.0,43121599,13.0,524214
2022-05-16,India,2202.0,43123801,27.0,524241
2022-05-17,India,1569.0,43125370,19.0,524260
2022-05-18,India,1829.0,43127199,33.0,524293
2022-05-19,India,2364.0,43129563,10.0,524303
2022-05-20,India,2259.0,43131822,20.0,524323
2022-05-21,India,2323.0,43134145,25.0,524348
2022-05-22,India,2226.0,43136371,65.0,524413
2022-05-23,India,2022.0,43138393,46.0,524459
2022-05-24,India,1675.0,43140068,31.0,524490
2022-05-25,India,2124.0,43142192,17.0,524507
2022-05-26,India,2628.0,43144820,18.0,524525
2022-05-27,India,2710.0,43147530,14.0,524539
2022-05-28,India,2685.0,43150215,33.0,524572
2022-05-29,India,2828.0,43153043,14.0,524586
2022-05-30,India,2706.0,43155749,25.0,524611
2022-05-31,India,2338.0,43158087,19.0,524630
2022-06-01,India,2745.0,43160832,6.0,524636
2022-06-02,India,3712.0,43164544,5.0,524641
2022-06-03,India,4041.0,43168585,10.0,524651
2022-06-04,India,3962.0,43172547,26.0,524677
2022-06-05,India,4270.0,43176817,15.0,524692
2022-06-06,India,4518.0,43181335,9.0,524701
2022-06-07,India,3714.0,43185049,7.0,524708
2022-06-08,India,5233.0,43190282,7.0,524715
2022-06-09,India,7240.0,43197522,8.0,524723
2022-06-10,India,7584.0,43205106,24.0,524747
2022-06-11,India,8329.0,43213435,10.0,524757
2022-06-12,India,8582.0,43222017,4.0,524761
2022-06-13,India,8084.0,43230101,10.0,524771
2022-06-14,India,6594.0,43236695,6.0,524777
2022-06-15,India,8822.0,43245517,15.0,524792
2022-06-16,India,12213.0,43257730,11.0,524803
2022-06-17,India,12847.0,43270577,14.0,524817
2022-06-18,India,13216.0,43283793,23.0,524840
2022-06-19,India,12899.0,43296692,15.0,524855
2022-06-20,India,12781.0,43309473,18.0,524873
2022-06-21,India,9923.0,43319396,17.0,524890
2022-06-22,India,12249.0,43331645,13.0,524903
2022-06-23,India,13313.0,43344958,38.0,524941
2022-06-24,India,17336.0,43362294,13.0,524954
2022-06-25,India,15940.0,43378234,20.0,524974
2022-06-26,India,11739.0,43389973,25.0,524999
2022-06-27,India,17073.0,43407046,21.0,525020
2022-06-28,India,11793.0,43418839,27.0,525047
2022-06-29,India,14506.0,43433345,30.0,525077
2022-06-30,India,18819.0,43452164,39.0,525116
2022-07-01,India,17070.0,43469234,23.0,525139
2022-07-02,India,17092.0,43486326,29.0,525168
2022-07-03,India,16103.0,43502429,31.0,525199
2022-07-04,India,16135.0,43518564,24.0,525223
2022-07-05,India,13086.0,43531650,19.0,525242
2022-07-06,India,16159.0,43547809,28.0,525270
2022-07-07,India,18930.0,43566739,35.0,525305
2022-07-08,India,18815.0,43585554,38.0,525343
2022-07-09,India,18840.0,43604394,43.0,525386
2022-07-10,India,18257.0,43622651,42.0,525428
2022-07-11,India,16678.0,43639329,26.0,525454
2022-07-12,India,13615.0,43652944,20.0,525474
2022-07-13,India,16906.0,43669850,45.0,525519
2022-07-14,India,20139.0,43689989,38.0,525557
2022-07-15,India,20038.0,43710027,47.0,525604
2022-07-16,India,20044.0,43730071,56.0,525660
2022-07-17,India,20528.0,43750599,49.0,525709
2022-07-18,India,16935.0,43767534,51.0,525760
2022-07-19,India,15528.0,43783062,25.0,525785
2022-07-20,India,20557.0,43803619,40.0,525825
2022-07-21,India,21566.0,43825185,45.0,525870
2022-07-22,India,21880.0,43847065,60.0,525930
2022-07-23,India,21411.0,43868476,67.0,525997
2022-07-24,India,20279.0,43888755,36.0,526033
2022-07-25,India,16866.0,43905621,41.0,526074
2022-07-26,India,14830.0,43920451,36.0,526110
2022-07-27,India,18313.0,43938764,57.0,526167
2022-07-28,India,20557.0,43959321,45.0,526212
2022-07-29,India,20409.0,43979730,46.0,526258
2022-07-30,India,20408.0,44000138,54.0,526312
2022-07-31,India,19673.0,44019811,45.0,526357
2022-08-01,India,16464.0,44036275,39.0,526396
2022-08-02,India,13734.0,44050009,34.0,526430
2022-08-03,India,17135.0,44067144,47.0,526477
2022-08-04,India,19893.0,44087037,53.0,526530
2022-08-05,India,20551.0,44107588,70.0,526600
2022-08-06,India,19406.0,44126994,49.0,526649
2022-08-07,India,18738.0,44145732,40.0,526689
2022-08-08,India,16167.0,44161899,41.0,526730
2022-08-09,India,12751.0,44174650,42.0,526772
2022-08-10,India,16047.0,44190697,54.0,526826
2022-08-11,India,16299.0,44206996,53.0,526879
2022-08-12,India,16561.0,44223557,49.0,526928
2022-08-13,India,15815.0,44239372,68.0,526996
2022-08-14,India,14092.0,44253464,41.0,527037
2022-08-15,India,14917.0,44268381,32.0,527069
2022-08-16,India,8813.0,44277194,29.0,527098
2022-08-17,India,9062.0,44286256,36.0,527134
2022-08-18,India,12608.0,44298864,72.0,527206
2022-08-19,India,15754.0,44314618,47.0,527253
2022-08-20,India,13272.0,44327890,36.0,527289
2022-08-21,India,11539.0,44339429,43.0,527332
2022-08-22,India,9531.0,44348960,36.0,527368
2022-08-23,India,8586.0,44357546,48.0,527416
2022-08-24,India,10649.0,44368195,36.0,527452
2022-08-25,India,10725.0,44378920,36.0,527488
2022-08-26,India,10256.0,44389176,68.0,527556
2022-08-27,India,9520.0,44398696,41.0,527597
2022-08-28,India,9436.0,44408132,157.0,527754
2022-08-29,India,7591.0,44415723,45.0,527799
2022-08-30,India,5439.0,44421162,30.0,527829
2022-08-31,India,7231.0,44428393,45.0,527874
2022-09-01,India,7946.0,44436339,37.0,527911
2022-09-02,India,6168.0,44442507,21.0,527932
2022-09-03,India,7211.0,44449718,25.0,527957
2022-09-04,India,6817.0,44456535,34.0,527991
2022-09-05,India,5910.0,44462445,16.0,528007
2022-09-06,India,4417.0,44466862,23.0,528030
2022-09-07,India,5379.0,44472241,27.0,528057
2022-09-08,India,6395.0,44478636,33.0,528090
2022-09-09,India,6093.0,44484729,31.0,528121
2022-09-10,India,5554.0,44490283,18.0,528139
2022-09-11,India,5076.0,44495359,11.0,528150
2022-09-12,India,5221.0,44500580,15.0,528165
2022-09-13,India,4369.0,44504949,20.0,528185
2022-09-14,India,5108.0,44510057,31.0,528216
2022-09-15,India,6422.0,44516479,34.0,528250
2022-09-16,India,6298.0,44522777,23.0,528273
2022-09-17,India,5747.0,44528524,29.0,528302
2022-09-18,India,5664.0,44534188,35.0,528337
2022-09-19,India,4858.0,44539046,18.0,528355
2022-09-20,India,4043.0,44543089,15.0,528370
2022-09-21,India,4510.0,44547599,33.0,528403
2022-09-22,India,5443.0,44553042,26.0,528429
2022-09-23,India,5383.0,44558425,20.0,528449
2022-09-24,India,4912.0,44563337,38.0,528487
2022-09-25,India,4777.0,44568114,23.0,528510
2022-09-26,India,4129.0,44572243,20.0,528530
2022-09-27,India,3230.0,44575473,32.0,528562
2022-09-28,India,3615.0,44579088,22.0,528584
2022-09-29,India,4272.0,44583360,27.0,528611
2022-09-30,India,3947.0,44587307,18.0,528629
2022-10-01,India,3805.0,44591112,26.0,528655
2022-10-02,India,3375.0,44594487,18.0,528673
2022-10-03,India,3011.0,44597498,28.0,528701
2022-10-04,India,1968.0,44599466,15.0,528716
2022-10-05,India,2468.0,44601934,17.0,528733
2022-10-06,India,2529.0,44604463,12.0,528745
2022-10-07,India,1997.0,44606460,9.0,528754
2022-10-08,India,2797.0,44609257,24.0,528778
2022-10-09,India,2756.0,44612013,21.0,528799
2022-10-10,India,2424.0,44614437,15.0,528814
2022-10-11,India,1957.0,44616394,8.0,528822
2022-10-12,India,2139.0,44618533,13.0,528835
2022-10-13,India,2786.0,44621319,12.0,528847
2022-10-14,India,2678.0,44623997,10.0,528857
2022-10-15,India,2430.0,44626427,17.0,528874
2022-10-16,India,2401.0,44628828,21.0,528895
2022-10-17,India,2060.0,44630888,10.0,528905
2022-10-18,India,1542.0,44632430,8.0,528913
2022-10-19,India,1946.0,44634376,10.0,528923
2022-10-20,India,2141.0,44636517,20.0,528943
2022-10-21,India,2119.0,44638636,10.0,528953
2022-10-22,India,2112.0,44640748,4.0,528957
2022-10-23,India,1994.0,44642742,4.0,528961
2022-10-24,India,1334.0,44644076,16.0,528977
2022-10-25,India,862.0,44644938,3.0,528980
2022-10-26,India,830.0,44645768,1.0,528981
2022-10-27,India,1112.0,44646880,6.0,528987
2022-10-28,India,2208.0,44649088,12.0,528999
2022-10-29,India,1574.0,44650662,9.0,529008
2022-10-30,India,1604.0,44652266,8.0,529016
2022-10-31,India,1326.0,44653592,8.0,529024
2022-11-01,India,1046.0,44654638,53.0,529077
2022-11-02,India,1190.0,44655828,1375.0,530452
2022-11-03,India,1321.0,44657149,9.0,530461
2022-11-04,India,1216.0,44658365,18.0,530479
2022-11-05,India,1082.0,44659447,7.0,530486
2022-11-06,India,1132.0,44660579,14.0,530500
2022-11-07,India,937.0,44661516,9.0,530509
2022-11-08,India,625.0,44662141,0.0,530509
2022-11-09,India,811.0,44662952,2.0,530511
2022-11-10,India,1016.0,44663968,3.0,530514
2022-11-11,India,842.0,44664810,6.0,530520
2022-11-12,India,833.0,44665643,8.0,530528
2022-11-13,India,734.0,44666377,3.0,530531
2022-11-14,India,547.0,44666924,1.0,530532
2022-11-15,India,-749.0,44666175,1.0,530533
2022-11-16,India,501.0,44666676,2.0,530535
2022-11-17,India,635.0,44667311,11.0,530546
2022-11-18,India,656.0,44667967,7.0,530553
2022-11-19,India,556.0,44668523,17.0,530570
2022-11-20,India,492.0,44669015,4.0,530574
2022-11-21,India,406.0,44669421,12.0,530586
2022-11-22,India,294.0,44669715,5.0,530591
2022-11-23,India,360.0,44670075,5.0,530596
2022-11-24,India,408.0,44670483,5.0,530601
2022-11-25,India,347.0,44670830,3.0,530604
2022-11-26,India,389.0,44671219,4.0,530608
2022-11-27,India,343.0,44671562,4.0,530612
2022-11-28,India,291.0,44671853,2.0,530614
2022-11-29,India,215.0,44672068,1.0,530615
2022-11-30,India,279.0,44672347,5.0,530620
2022-12-01,India,291.0,44672638,2.0,530622
2022-12-02,India,275.0,44672913,2.0,530624
2022-12-03,India,253.0,44673166,3.0,530627
2022-12-04,India,226.0,44673392,1.0,530628
2022-12-05,India,226.0,44673618,2.0,530630
2022-12-06,India,165.0,44673783,3.0,530633
2022-12-07,India,166.0,44673949,5.0,530638
2022-12-08,India,241.0,44674190,9.0,530647
2022-12-09,India,249.0,44674439,6.0,530653
2022-12-10,India,210.0,44674649,1.0,530654
2022-12-11,India,173.0,44674822,4.0,530658
2022-12-12,India,159.0,44674981,0.0,530658
2022-12-13,India,114.0,44675095,0.0,530658
2022-12-14,India,152.0,44675247,0.0,530658
2022-12-15,India,200.0,44675447,5.0,530663
2022-12-16,India,162.0,44675609,0.0,530663
2022-12-17,India,167.0,44675776,4.0,530667
2022-12-18,India,176.0,44675952,5.0,530672
2022-12-19,India,135.0,44676087,2.0,530674
2022-12-20,India,112.0,44676199,3.0,530677
2022-12-21,India,131.0,44676330,3.0,530680
2022-12-22,India,185.0,44676515,1.0,530681
2022-12-23,India,163.0,44676678,9.0,530690
2022-12-24,India,201.0,44676879,1.0,530691
2022-12-25,India,227.0,44677106,2.0,530693
2022-12-26,India,196.0,44677302,2.0,530695
2022-12-27,India,157.0,44677459,1.0,530696
2022-12-28,India,188.0,44677647,0.0,530696
2022-12-29,India,268.0,44677915,2.0,530698
2022-12-30,India,243.0,44678158,1.0,530699
2022-12-31,India,226.0,44678384,3.0,530702
2023-01-01,India,265.0,44678649,3.0,530705
2023-01-02,India,173.0,44678822,2.0,530707
2023-01-03,India,134.0,44678956,0.0,530707
2023-01-04,India,175.0,44679131,0.0,530707
2023-01-05,India,188.0,44679319,3.0,530710
2023-01-06,India,228.0,44679547,4.0,530714
2023-01-07,India,214.0,44679761,4.0,530718
2023-01-08,India,163.0,44679924,2.0,530720
2023-01-09,India,170.0,44680094,1.0,530721
2023-01-10,India,121.0,44680215,1.0,530722
2023-01-11,India,171.0,44680386,0.0,530722
2023-01-12,India,197.0,44680583,1.0,530723
2023-01-13,India,174.0,44680757,2.0,530725
2023-01-14,India,179.0,44680936,1.0,530726
2023-01-15,India,104.0,44681040,0.0,530726
2023-01-16,India,114.0,44681154,0.0,530726
2023-01-17,India,79.0,44681233,0.0,530726
2023-01-18,India,138.0,44681371,2.0,530728
2023-01-19,India,134.0,44681505,0.0,530728
2023-01-20,India,145.0,44681650,0.0,530728
2023-01-21,India,131.0,44681781,2.0,530730
2023-01-22,India,140.0,44681921,3.0,530733
2023-01-23,India,94.0,44682015,2.0,530735
2023-01-24,India,89.0,44682104,2.0,530737
2023-01-25,India,102.0,44682206,0.0,530737
2023-01-26,India,132.0,44682338,1.0,530738
2023-01-27,India,99.0,44682437,1.0,530739
2023-01-28,India,93.0,44682530,0.0,530739
2023-01-29,India,109.0,44682639,1.0,530740
2023-01-30,India,80.0,44682719,0.0,530740
2023-01-31,India,65.0,44682784,0.0,530740
2023-02-01,India,111.0,44682895,0.0,530740
2023-02-02,India,128.0,44683023,1.0,530741
2023-02-03,India,99.0,44683122,0.0,530741
2023-02-04,India,128.0,44683250,0.0,530741
2023-02-05,India,113.0,44683363,4.0,530745
2023-02-06,India,91.0,44683454,0.0,530745
2023-02-07,India,89.0,44683543,0.0,530745
2023-02-08,India,96.0,44683639,1.0,530746
2023-02-09,India,109.0,44683748,2.0,530748
2023-02-10,India,114.0,44683862,2.0,530750
2023-02-11,India,132.0,44683994,0.0,530750
2023-02-12,India,124.0,44684118,0.0,530750
2023-02-13,India,79.0,44684197,0.0,530750
2023-02-14,India,77.0,44684274,3.0,530753
2023-02-15,India,102.0,44684376,3.0,530756
2023-02-16,India,126.0,44684502,1.0,530757
2023-02-17,India,156.0,44684658,0.0,530757
2023-02-18,India,117.0,44684775,0.0,530757
2023-02-19,India,142.0,44684917,3.0,530760
2023-02-20,India,120.0,44685037,1.0,530761
2023-02-21,India,95.0,44685132,0.0,530761
2023-02-22,India,125.0,44685257,1.0,530762
2023-02-23,India,193.0,44685450,1.0,530763
2023-02-24,India,169.0,44685619,1.0,530764
2023-02-25,India,180.0,44685799,0.0,530764
2023-02-26,India,218.0,44686017,5.0,530769
2023-02-27,India,185.0,44686202,1.0,530770
2023-02-28,India,169.0,44686371,1.0,530771
2023-03-01,India,240.0,44686611,1.0,530772
2023-03-02,India,268.0,44686879,0.0,530772
2023-03-03,India,283.0,44687162,0.0,530772
2023-03-04,India,334.0,44687496,3.0,530775
2023-03-05,India,324.0,44687820,0.0,530775
2023-03-06,India,281.0,44688101,0.0,530775
2023-03-07,India,266.0,44688367,0.0,530775
2023-03-08,India,326.0,44688693,0.0,530775
2023-03-09,India,379.0,44689072,1.0,530776
2023-03-10,India,440.0,44689512,3.0,530779
2023-03-11,India,456.0,44689968,1.0,530780
2023-03-12,India,524.0,44690492,1.0,530781
2023-03-13,India,444.0,44690936,1.0,530782
2023-03-14,India,402.0,44691338,2.0,530784
2023-03-15,India,618.0,44691956,5.0,530789
2023-03-16,India,754.0,44692710,1.0,530790
2023-03-17,India,796.0,44693506,5.0,530795
2023-03-18,India,843.0,44694349,4.0,530799
2023-03-19,India,1071.0,44695420,3.0,530802
2023-03-20,India,918.0,44696338,4.0,530806
2023-03-21,India,646.0,44696984,2.0,530808
2023-03-22,India,1134.0,44698118,5.0,530813
2023-03-23,India,1300.0,44699418,3.0,530816
2023-03-24,India,1249.0,44700667,2.0,530818
2023-03-25,India,1590.0,44702257,6.0,530824
2023-03-26,India,1890.0,44704147,7.0,530831
2023-03-27,India,1805.0,44705952,6.0,530837
2023-03-28,India,1573.0,44707525,4.0,530841
2023-03-29,India,2151.0,44709676,7.0,530848
2023-03-30,India,3016.0,44712692,14.0,530862
2023-03-31,India,3094.0,44715786,5.0,530867
2023-04-01,India,2995.0,44718781,9.0,530876
2023-04-02,India,3824.0,44722605,5.0,530881
2023-04-03,India,3641.0,44726246,11.0,530892
2023-04-04,India,3038.0,44729284,9.0,530901
2023-04-05,India,4435.0,44733719,15.0,530916
2023-04-06,India,5335.0,44739054,13.0,530929
2023-04-07,India,6050.0,44745104,14.0,530943
2023-04-08,India,6155.0,44751259,11.0,530954
2023-04-09,India,5357.0,44756616,11.0,530965
2023-04-10,India,5880.0,44762496,14.0,530979
2023-04-11,India,5676.0,44768172,21.0,531000
2023-04-12,India,7830.0,44776002,16.0,531016
2023-04-13,India,10158.0,44786160,19.0,531035
2023-04-14,India,11109.0,44797269,29.0,531064
2023-04-15,India,10753.0,44808022,27.0,531091
2023-04-16,India,10093.0,44818115,23.0,531114
2023-04-17,India,9111.0,44827226,27.0,531141
2023-04-18,India,7633.0,44834859,11.0,531152
2023-04-19,India,10542.0,44845401,38.0,531190
2023-04-20,India,12591.0,44857992,40.0,531230
2023-04-21,India,11692.0,44869684,28.0,531258
2023-04-22,India,12193.0,44881877,42.0,531300
2023-04-23,India,10112.0,44891989,29.0,531329
2023-04-24,India,6904.0,44898893,16.0,531345
2023-04-25,India,6934.0,44905827,24.0,531369
2023-04-26,India,9629.0,44915456,29.0,531398
2023-04-27,India,9355.0,44924811,26.0,531424
2023-04-28,India,7533.0,44932344,44.0,531468
2023-04-29,India,7171.0,44939515,40.0,531508
2023-04-30,India,5874.0,44945389,25.0,531533
2023-05-01,India,4282.0,44949671,14.0,531547
2023-05-02,India,3325.0,44952996,17.0,531564
2023-05-03,India,3720.0,44956716,20.0,531584
2023-05-04,India,3962.0,44960678,22.0,531606
2023-05-05,India,3611.0,44964289,36.0,531642
2023-05-06,India,2961.0,44967250,17.0,531659
2023-05-07,India,2380.0,44969630,21.0,531680
2023-05-08,India,1839.0,44971469,12.0,531692
2023-05-09,India,1331.0,44972800,15.0,531707
2023-05-10,India,2109.0,44974909,15.0,531722
2023-05-11,India,1690.0,44976599,14.0,531736
2023-05-12,India,1580.0,44978179,17.0,531753
2023-05-13,India,1223.0,44979402,14.0,531767
2023-05-14,India,1272.0,44980674,3.0,531770
2023-05-15,India,801.0,44981475,8.0,531778
2023-05-16,India,656.0,44982131,12.0,531790
2023-05-17,India,1021.0,44983152,4.0,531794
2023-05-18,India,906.0,44984058,20.0,531814
2023-05-19,India,865.0,44984923,4.0,531818
2023-05-20,India,782.0,44985705,6.0,531824
2023-05-21,India,756.0,44986461,8.0,531832
2023-05-22,India,473.0,44986934,7.0,531839
2023-05-23,India,405.0,44987339,4.0,531843
2023-05-24,India,552.0,44987891,6.0,531849
2023-05-25,India,535.0,44988426,5.0,531854
2023-05-26,India,490.0,44988916,2.0,531856
2023-05-27,India,425.0,44989341,3.0,531859
2023-05-28,India,403.0,44989744,5.0,531864
2023-05-29,India,310.0,44990054,2.0,531866
2023-05-30,India,224.0,44990278,1.0,531867
2023-05-31,India,310.0,44990588,3.0,531870
2023-06-01,India,288.0,44990876,2.0,531872
2023-06-02,India,267.0,44991143,2.0,531874
2023-06-03,India,237.0,44991380,4.0,531878
2023-06-04,India,202.0,44991582,2.0,531880
2023-06-05,India,174.0,44991756,2.0,531882
2023-06-06,India,124.0,44991880,2.0,531884
2023-06-07,India,214.0,44992094,0.0,531884
2023-06-08,India,199.0,44992293,2.0,531886
2023-06-09,India,169.0,44992462,2.0,531888
2023-06-10,India,186.0,44992648,0.0,531888
2023-06-11,India,140.0,44992788,3.0,531891
2023-06-12,India,92.0,44992880,0.0,531891
2023-06-13,India,80.0,44992960,1.0,531892
2023-06-14,India,120.0,44993080,0.0,531892
2023-06-15,India,106.0,44993186,1.0,531893
2023-06-16,India,96.0,44993282,0.0,531893
2023-06-17,India,108.0,44993390,0.0,531893
2023-06-18,India,90.0,44993480,2.0,531895
2023-06-19,India,63.0,44993543,1.0,531896
2023-06-20,India,36.0,44993579,1.0,531897
2023-06-21,India,92.0,44993671,1.0,531898
2023-06-22,India,95.0,44993766,2.0,531900
2023-06-23,India,51.0,44993817,2.0,531902
2023-06-24,India,55.0,44993872,1.0,531903
2023-06-25,India,80.0,44993952,0.0,531903
2023-06-26,India,47.0,44993999,0.0,531903
2023-06-27,India,33.0,44994032,0.0,531903
2023-06-28,India,65.0,44994097,2.0,531905
2023-06-29,India,47.0,44994144,0.0,531905
2023-06-30,India,44.0,44994188,0.0,531905
2023-07-01,India,40.0,44994228,1.0,531906
2023-07-02,India,53.0,44994281,1.0,531907
2023-07-03,India,44.0,44994325,1.0,531908
2023-07-04,India,26.0,44994351,0.0,531908
2023-07-05,India,56.0,44994407,2.0,531910
2023-07-06,India,42.0,44994449,0.0,531910
2023-07-07,India,45.0,44994494,2.0,531912
2023-07-08,India,49.0,44994543,0.0,531912
2023-07-09,India,32.0,44994575,1.0,531913
2023-07-10,India,24.0,44994599,0.0,531913
2023-07-11,India,20.0,44994619,0.0,531913
2023-07-12,India,46.0,44994665,0.0,531913
2023-07-13,India,48.0,44994713,0.0,531913
2023-07-14,India,52.0,44994765,1.0,531914
2023-07-15,India,54.0,44994819,0.0,531914
2023-07-16,India,59.0,44994878,1.0,531915
2023-07-17,India,43.0,44994921,0.0,531915
2023-07-18,India,34.0,44994955,0.0,531915
2023-07-19,India,49.0,44995004,0.0,531915
2023-07-20,India,51.0,44995055,0.0,531915
2023-07-21,India,109.0,44995164,0.0,531915
2023-07-22,India,60.0,44995224,0.0,531915
2023-07-23,India,40.0,44995264,0.0,531915
2023-07-24,India,47.0,44995311,0.0,531915
2023-07-25,India,21.0,44995332,0.0,531915
2023-07-26,India,60.0,44995392,0.0,531915
2023-07-27,India,42.0,44995434,0.0,531915
2023-07-28,India,52.0,44995486,0.0,531915
2023-07-29,India,50.0,44995536,0.0,531915
2023-07-30,India,52.0,44995588,1.0,531916
2023-07-31,India,41.0,44995629,1.0,531917
2023-08-01,India,36.0,44995665,0.0,531917
2023-08-02,India,60.0,44995725,0.0,531917
2023-08-03,India,77.0,44995802,1.0,531918
2023-08-04,India,54.0,44995856,0.0,531918
2023-08-05,India,77.0,44995933,0.0,531918
2023-08-06,India,47.0,44995980,0.0,531918
2023-08-07,India,54.0,44996034,0.0,531918
2023-08-08,India,25.0,44996059,0.0,531918
2023-08-09,India,53.0,44996112,0.0,531918
2023-08-10,India,39.0,44996151,2.0,531920
2023-08-11,India,47.0,44996198,0.0,531920
2023-08-12,India,38.0,44996236,0.0,531920
2023-08-13,India,38.0,44996274,1.0,531921
2023-08-14,India,39.0,44996313,0.0,531921
2023-08-15,India,22.0,44996335,1.0,531922
2023-08-16,India,58.0,44996393,0.0,531922
2023-08-17,India,33.0,44996426,2.0,531924
2023-08-18,India,50.0,44996476,0.0,531924
2023-08-19,India,72.0,44996548,1.0,531925
2023-08-20,India,51.0,44996599,0.0,531925
2023-08-21,India,54.0,44996653,1.0,531926
2023-08-22,India,23.0,44996676,0.0,531926
2023-08-23,India,56.0,44996732,0.0,531926
2023-08-24,India,54.0,44996786,0.0,531926
2023-08-25,India,73.0,44996859,1.0,531927
2023-08-26,India,60.0,44996919,1.0,531928
2023-08-27,India,44.0,44996963,0.0,531928
2023-08-28,India,70.0,44997033,1.0,531929
2023-08-29,India,23.0,44997056,0.0,531929
2023-08-30,India,61.0,44997117,0.0,531929
2023-08-31,India,50.0,44997167,1.0,531930
2023-09-01,India,49.0,44997216,0.0,531930
2023-09-02,India,50.0,44997266,93.0,532023
2023-09-03,India,60.0,44997326,0.0,532023
2023-09-04,India,46.0,44997372,0.0,532023
2023-09-05,India,28.0,44997400,0.0,532023
2023-09-06,India,66.0,44997466,1.0,532024
2023-09-07,India,71.0,44997537,0.0,532024
2023-09-08,India,46.0,44997583,0.0,532024
2023-09-09,India,59.0,44997642,1.0,532025
2023-09-10,India,68.0,44997710,2.0,532027
2023-09-11,India,70.0,44997780,0.0,532027
2023-09-12,India,40.0,44997820,0.0,532027
2023-09-13,India,97.0,44997917,1.0,532028
2023-09-14,India,58.0,44997975,1.0,532029
2023-09-15,India,60.0,44998035,0.0,532029
2023-09-16,India,72.0,44998107,0.0,532029
2023-09-17,India,55.0,44998162,1.0,532030
2023-09-18,India,55.0,44998217,0.0,532030
2023-09-19,India,26.0,44998243,0.0,532030
2023-09-20,India,51.0,44998294,1.0,532031
2023-09-21,India,44.0,44998338,0.0,532031
2023-09-22,India,55.0,44998393,0.0,532031
2023-09-23,India,70.0,44998463,0.0,532031
2023-09-24,India,62.0,44998525,0.0,532031
2023-09-25,India,40.0,44998565,0.0,532031
2023-09-26,India,38.0,44998603,0.0,532031
2023-09-27,India,47.0,44998650,0.0,532031
2023-09-28,India,51.0,44998701,0.0,532031
2023-09-29,India,40.0,44998741,0.0,532031
2023-09-30,India,41.0,44998782,0.0,532031
2023-10-01,India,56.0,44998838,1.0,532032
2023-10-02,India,36.0,44998874,0.0,532032
2023-10-03,India,42.0,44998916,0.0,532032
2023-10-04,India,38.0,44998954,2.0,532034
2023-10-05,India,250.0,44999204,0.0,532034
2023-10-06,India,39.0,44999243,0.0,532034
2023-10-07,India,42.0,44999285,0.0,532034
2023-10-08,India,43.0,44999328,0.0,532034
2023-10-09,India,38.0,44999366,0.0,532034
2023-10-10,India,26.0,44999392,1.0,532035
2023-10-11,India,46.0,44999438,0.0,532035
2023-10-12,India,35.0,44999473,0.0,532035
2023-10-13,India,37.0,44999510,2.0,532037
2023-10-14,India,51.0,44999561,0.0,532037
2023-10-15,India,27.0,44999588,0.0,532037
2023-10-16,India,33.0,44999621,0.0,532037
2023-10-17,India,21.0,44999642,0.0,532037
2023-10-18,India,38.0,44999680,0.0,532037
2023-10-19,India,48.0,44999728,0.0,532037
2023-10-20,India,37.0,44999765,1.0,532038
2023-10-21,India,1275.0,45001040,1253.0,533291
2023-10-22,India,12.0,45001052,0.0,533291
2023-10-23,India,9.0,45001061,0.0,533291
2023-10-24,India,14.0,45001075,2.0,533293
2023-10-25,India,51.0,45001126,0.0,533293
2023-10-26,India,24.0,45001150,0.0,533293
2023-10-27,India,26.0,45001176,0.0,533293
2023-10-28,India,35.0,45001211,0.0,533293
2023-10-29,India,34.0,45001245,0.0,533293
2023-10-30,India,23.0,45001268,0.0,533293
2023-10-31,India,22.0,45001290,0.0,533293
2023-11-01,India,38.0,45001328,1.0,533294
2023-11-02,India,15.0,45001343,0.0,533294
2023-11-03,India,19.0,45001362,0.0,533294
2023-11-04,India,14.0,45001376,0.0,533294
2023-11-05,India,8.0,45001384,0.0,533294
2023-11-06,India,8.0,45001392,0.0,533294
2023-11-07,India,5.0,45001397,0.0,533294
2023-11-08,India,11.0,45001408,1.0,533295
2023-11-09,India,11.0,45001419,0.0,533295
2023-11-10,India,14.0,45001433,0.0,533295
2023-11-11,India,6.0,45001439,0.0,533295
2023-11-12,India,17.0,45001456,0.0,533295
2023-11-13,India,8.0,45001464,0.0,533295
2023-11-14,India,18.0,45001482,0.0,533295
2023-11-15,India,10.0,45001492,0.0,533295
2023-11-16,India,18.0,45001510,0.0,533295
2023-11-17,India,26.0,45001536,0.0,533295
2023-11-18,India,18.0,45001554,0.0,533295
2023-11-19,India,21.0,45001575,0.0,533295
2023-11-20,India,18.0,45001593,0.0,533295
2023-11-21,India,13.0,45001606,0.0,533295
2023-11-22,India,23.0,45001629,0.0,533295
2023-11-23,India,26.0,45001655,0.0,533295
2023-11-24,India,36.0,45001691,2.0,533297
2023-11-25,India,42.0,45001733,0.0,533297
2023-11-26,India,31.0,45001764,1.0,533298
2023-11-27,India,21.0,45001785,0.0,533298
2023-11-28,India,22.0,45001807,0.0,533298
2023-11-29,India,79.0,45001886,0.0,533298
2023-11-30,India,58.0,45001944,0.0,533298
2023-12-01,India,71.0,45002015,0.0,533298
2023-12-02,India,88.0,45002103,2.0,533300
2023-12-03,India,76.0,45002179,,533300
2023-12-04,India,59.0,45002238,,533300
2023-12-05,India,83.0,45002321,1.0,533301
2023-12-06,India,119.0,45002440,1.0,533302
2023-12-07,India,121.0,45002561,3.0,533305
2023-12-08,India,180.0,45002741,1.0,533306
2023-12-09,India,148.0,45002889,,533306
2023-12-10,India,166.0,45003055,,533306
2023-12-11,India,122.0,45003177,1.0,533307
2023-12-12,India,164.0,45003341,,533307
2023-12-13,India,252.0,45003593,1.0,533308
2023-12-14,India,237.0,45003830,1.0,533309
2023-12-15,India,312.0,45004142,1.0,533310
2023-12-16,India,339.0,45004481,1.0,533311
2023-12-17,India,335.0,45004816,5.0,533316
2023-12-18,India,260.0,45005076,1.0,533317
2023-12-19,India,288.0,45005364,1.0,533318
2023-12-20,India,614.0,45005978,3.0,533321
2023-12-21,India,594.0,45006572,6.0,533327
2023-12-22,India,640.0,45007212,1.0,533328
2023-12-23,India,752.0,45007964,4.0,533332
2023-12-24,India,656.0,45008620,1.0,533333
2023-12-25,India,628.0,45009248,1.0,533334
2023-12-26,India,412.0,45009660,3.0,533337
2023-12-27,India,529.0,45010189,3.0,533340
2023-12-28,India,702.0,45010891,6.0,533346
2023-12-29,India,797.0,45011688,5.0,533351
2023-12-30,India,743.0,45012431,7.0,533358
2023-12-31,India,741.0,45013172,3.0,533361
2024-01-01,India,736.0,45013908,3.0,533364
2024-01-02,India,573.0,45014481,2.0,533366
2024-01-03,India,602.0,45015083,5.0,533371
2024-01-04,India,760.0,45015843,2.0,533373
2024-01-05,India,761.0,45016604,12.0,533385
2024-01-06,India,774.0,45017378,2.0,533387
2024-01-07,India,756.0,45018134,5.0,533392
2024-01-08,India,605.0,45018739,4.0,533396
2024-01-09,India,475.0,45019214,6.0,533402
2024-01-10,India,605.0,45019819,4.0,533406
2024-01-11,India,514.0,45020333,3.0,533409
2024-01-12,India,609.0,45020942,3.0,533412
2024-01-13,India,441.0,45021383,,533412
2024-01-14,India,375.0,45021758,2.0,533414
2024-01-15,India,272.0,45022030,,533414
2024-01-16,India,189.0,45022219,3.0,533417
2024-01-17,India,269.0,45022488,3.0,533420
2024-01-18,India,305.0,45022793,3.0,533423
2024-01-19,India,355.0,45023148,2.0,533425
2024-01-20,India,313.0,45023461,3.0,533428
2024-01-21,India,290.0,45023751,6.0,533434
2024-01-22,India,203.0,45023954,2.0,533436
2024-01-23,India,236.0,45024190,3.0,533439
2024-01-24,India,160.0,45024350,2.0,533441
2024-01-25,India,198.0,45024548,1.0,533442
2024-01-26,India,187.0,45024735,1.0,533443
2024-01-27,India,159.0,45024894,1.0,533444
2024-01-28,India,182.0,45025076,1.0,533445
2024-01-29,India,112.0,45025188,,533445
2024-01-30,India,124.0,45025312,,533445
2024-01-31,India,133.0,45025445,2.0,533447
2024-02-01,India,160.0,45025605,1.0,533448
2024-02-02,India,187.0,45025792,3.0,533451
2024-02-03,India,159.0,45025951,3.0,533454
2024-02-04,India,188.0,45026139,,533454
2024-02-05,India,122.0,45026261,,533454
2024-02-06,India,124.0,45026385,1.0,533455
2024-02-07,India,157.0,45026542,2.0,533457
2024-02-08,India,70.0,45026612,1.0,533458
2024-02-09,India,,45026612,1.0,533459
2024-02-10,India,163.0,45026775,2.0,533461
2024-02-11,India,376.0,45027151,1.0,533462
2024-02-12,India,74.0,45027225,,533462
2024-02-13,India,123.0,45027348,4.0,533466
2024-02-14,India,120.0,45027468,1.0,533467
2024-02-15,India,120.0,45027588,1.0,533468
2024-02-16,India,166.0,45027754,2.0,533470
2024-02-17,India,144.0,45027898,2.0,533472
2024-02-18,India,155.0,45028053,,533472
2024-02-19,India,110.0,45028163,,533472
2024-02-20,India,105.0,45028268,1.0,533473
2024-02-21,India,161.0,45028429,2.0,533475
2024-02-22,India,136.0,45028565,1.0,533476
2024-02-23,India,167.0,45028732,,533476
2024-02-24,India,155.0,45028887,1.0,533477
2024-02-25,India,148.0,45029035,1.0,533478
2024-02-26,India,114.0,45029149,1.0,533479
2024-02-27,India,125.0,45029274,5.0,533484
2024-02-28,India,181.0,45029455,1.0,533485
2024-02-29,India,193.0,45029648,4.0,533489
2024-03-01,India,204.0,45029852,2.0,533491
2024-03-02,India,182.0,45030034,2.0,533493
2024-03-03,India,178.0,45030212,2.0,533495
2024-03-04,India,120.0,45030332,1.0,533496
2024-03-05,India,135.0,45030467,3.0,533499
2024-03-06,India,217.0,45030684,,533499
2024-03-07,India,202.0,45030886,5.0,533504
2024-03-08,India,237.0,45031123,1.0,533505
2024-03-09,India,179.0,45031302,3.0,533508
2024-03-10,India,112.0,45031414,2.0,533510
2024-03-11,India,148.0,45031562,,533510
2024-03-12,India,138.0,45031700,,533510
2024-03-13,India,197.0,45031897,2.0,533512
2024-03-14,India,199.0,45032096,1.0,533513
2024-03-15,India,,45032096,,533513
2024-03-16,India,422.0,45032518,4.0,533517
2024-03-17,India,137.0,45032655,4.0,533521
2024-03-18,India,129.0,45032784,2.0,533523
2024-03-19,India,86.0,45032870,2.0,533525
2024-03-20,India,159.0,45033029,2.0,533527
2024-03-21,India,172.0,45033201,6.0,533533
2024-03-22,India,131.0,45033332,2.0,533535
2024-03-23,India,180.0,45033512,2.0,533537
2024-03-24,India,132.0,45033644,2.0,533539
2024-03-25,India,121.0,45033765,1.0,533540
2024-03-26,India,57.0,45033822,,533540
2024-03-27,India,71.0,45033893,,533540
2024-03-28,India,129.0,45034022,3.0,533543
2024-03-29,India,114.0,45034136,4.0,533547
2024-03-30,India,121.0,45034257,4.0,533551
2024-03-31,India,103.0,45034360,1.0,533552
2024-04-01,India,62.0,45034422,,533552
2024-04-02,India,83.0,45034505,4.0,533556
2024-04-03,India,104.0,45034609,2.0,533558
2024-04-04,India,114.0,45034723,2.0,533560
2024-04-05,India,108.0,45034831,3.0,533563
2024-04-06,India,123.0,45034954,1.0,533564
2024-04-07,India,101.0,45035055,1.0,533565
2024-04-08,India,70.0,45035125,,533565
2024-04-09,India,58.0,45035183,1.0,533566
2024-04-10,India,71.0,45035254,2.0,533568
2024-04-11,India,71.0,45035325,2.0,533570
2024-04-12,India,68.0,45035393,,533570
2024-04-13,India,102.0,45035495,3.0,533573
2024-04-14,India,78.0,45035573,1.0,533574
2024-04-15,India,66.0,45035639,,533574
2024-04-16,India,62.0,45035701,2.0,533576
2024-04-17,India,90.0,45035791,1.0,533577
2024-04-18,India,72.0,45035863,1.0,533578
2024-04-19,India,104.0,45035967,1.0,533579
2024-04-20,India,113.0,45036080,1.0,533580
2024-04-21,India,117.0,45036197,1.0,533581
2024-04-22,India,75.0,45036272,,533581
2024-04-23,India,74.0,45036346,3.0,533584
2024-04-24,India,129.0,45036475,,533584
2024-04-25,India,112.0,45036587,1.0,533585
2024-04-26,India,120.0,45036707,,533585
2024-04-27,India,122.0,45036829,,533585
2024-04-28,India,124.0,45036953,,533585
2024-04-29,India,78.0,45037031,1.0,533586
2024-04-30,India,134.0,45037165,,533586
2024-05-01,India,133.0,45037298,,533586
2024-05-02,India,112.0,45037410,1.0,533587
2024-05-03,India,137.0,45037547,1.0,533588
2024-05-04,India,93.0,45037640,1.0,533589
2024-05-05,India,136.0,45037776,,533589
2024-05-06,India,90.0,45037866,,533589
2024-05-07,India,82.0,45037948,4.0,533593
2024-05-08,India,118.0,45038066,3.0,533596
2024-05-09,India,133.0,45038199,,533596
2024-05-10,India,123.0,45038322,2.0,533598
2024-05-11,India,98.0,45038420,1.0,533599
2024-05-12,India,98.0,45038518,,533599
2024-05-13,India,59.0,45038577,,533599
2024-05-14,India,81.0,45038658,1.0,533600
2024-05-15,India,103.0,45038761,2.0,533602
2024-05-16,India,88.0,45038849,2.0,533604
2024-05-17,India,109.0,45038958,6.0,533610
2024-05-18,India,94.0,45039052,,533610
2024-05-19,India,88.0,45039140,,533610
2024-05-20,India,49.0,45039189,,533610
2024-05-21,India,68.0,45039257,1.0,533611
2024-05-22,India,55.0,45039312,,533611
2024-05-23,India,53.0,45039365,,533611
2024-05-24,India,66.0,45039431,1.0,533612
2024-05-25,India,46.0,45039477,,533612
2024-05-26,India,33.0,45039510,,533612
2024-05-27,India,37.0,45039547,,533612
2024-05-28,India,48.0,45039595,,533612
2024-05-29,India,87.0,45039682,1.0,533613
2024-05-30,India,62.0,45039744,1.0,533614
2024-05-31,India,39.0,45039783,2.0,533616
2024-06-01,India,57.0,45039840,1.0,533617
2024-06-02,India,32.0,45039872,,533617
2024-06-03,India,15.0,45039887,1.0,533618
2024-06-04,India,29.0,45039916,,533618
2024-06-05,India,26.0,45039942,,533618
2024-06-06,India,36.0,45039978,,533618
2024-06-07,India,32.0,45040010,,533618
2024-06-08,India,26.0,45040036,1.0,533619
2024-06-09,India,,45040036,,533619
2024-06-10,India,38.0,45040074,,533619
2024-06-11,India,,45040074,,533619
2024-06-12,India,,45040074,,533619
2024-06-13,India,,45040074,,533619
2024-06-14,India,,45040074,,533619
2024-06-15,India,,45040074,,533619
2024-06-16,India,,45040074,,533619
2024-06-17,India,210.0,45040284,2.0,533621
2024-06-18,India,,45040284,,533621
2024-06-19,India,,45040284,,533621
2024-06-20,India,,45040284,,533621
2024-06-21,India,,45040284,,533621
2024-06-22,India,,45040284,,533621
2024-06-23,India,,45040284,,533621
2024-06-24,India,334.0,45040618,1.0,533622
2024-06-25,India,,45040618,,533622
2024-06-26,India,,45040618,,533622
2024-06-27,India,,45040618,,533622
2024-06-28,India,,45040618,,533622
2024-06-29,India,,45040618,,533622
2024-06-30,India,,45040618,,533622
2024-07-01,India,134.0,45040752,,533622
2024-07-02,India,,45040752,,533622
2024-07-03,India,,45040752,,533622
2024-07-04,India,,45040752,,533622
2024-07-05,India,,45040752,,533622
2024-07-06,India,,45040752,,533622
2024-07-07,India,,45040752,,533622
2024-07-08,India,,45040752,,533622
2024-07-09,India,,45040752,,533622
2024-07-10,India,,45040752,,533622
2024-07-11,India,,45040752,,533622
2024-07-12,India,,45040752,,533622
2024-07-13,India,,45040752,,533622
2024-07-14,India,,45040752,,533622
2024-07-15,India,,45040752,,533622
2024-07-16,India,,45040752,,533622
2024-07-17,India,,45040752,,533622
2024-07-18,India,440.0,45041192,1.0,533623
2024-07-19,India,,45041192,,533623
2024-07-20,India,,45041192,,533623
2024-07-21,India,,45041192,,533623
2024-07-22,India,243.0,45041435,,533623
2024-07-23,India,,45041435,,533623
2024-07-24,India,,45041435,,533623
2024-07-25,India,,45041435,,533623
2024-07-26,India,,45041435,,533623
2024-07-27,India,,45041435,,533623
2024-07-28,India,,45041435,,533623
2024-07-29,India,313.0,45041748,,533623
2024-07-30,India,,45041748,,533623
2024-07-31,India,,45041748,,533623
2024-08-01,India,,45041748,,533623
2024-08-02,India,,45041748,,533623
2024-08-03,India,,45041748,,533623
2024-08-04,India,,45041748,,533623
2024-08-05,India,306.0,45042054,3.0,533626
2024-08-06,India,,45042054,,533626
2024-08-07,India,,45042054,,533626
2024-08-08,India,,45042054,,533626
2024-08-09,India,,45042054,,533626
2024-08-10,India,,45042054,,533626
2024-08-11,India,,45042054,,533626
2024-08-12,India,266.0,45042320,3.0,533629
2024-08-13,India,,45042320,,533629
2024-08-14,India,,45042320,,533629
2024-08-15,India,,45042320,,533629
2024-08-16,India,,45042320,,533629
2024-08-17,India,,45042320,,533629
2024-08-18,India,,45042320,,533629
2024-08-19,India,200.0,45042520,3.0,533632
2024-08-20,India,,45042520,,533632
2024-08-21,India,,45042520,,533632
2024-08-22,India,,45042520,,533632
2024-08-23,India,,45042520,,533632
2024-08-24,India,,45042520,,533632
2024-08-25,India,,45042520,,533632
2024-08-26,India,282.0,45042802,4.0,533636
2024-08-27,India,,45042802,,533636
2024-08-28,India,,45042802,,533636
2024-08-29,India,,45042802,,533636
2024-08-30,India,,45042802,,533636
2024-08-31,India,,45042802,,533636
2024-09-01,India,,45042802,,533636
2024-09-02,India,235.0,45043037,,533636
2024-09-03,India,,45043037,,533636
2024-09-04,India,,45043037,,533636
2024-09-05,India,,45043037,,533636
2024-09-06,India,,45043037,,533636
2024-09-07,India,,45043037,,533636
2024-09-08,India,,45043037,,533636
2024-09-09,India,190.0,45043227,2.0,533638
2024-09-10,India,,45043227,,533638
2024-09-11,India,,45043227,,533638
2024-09-12,India,,45043227,,533638
2024-09-13,India,,45043227,,533638
2024-09-14,India,,45043227,,533638
2024-09-15,India,,45043227,,533638
2024-09-16,India,188.0,45043415,3.0,533641
2024-09-17,India,,45043415,,533641
2024-09-18,India,,45043415,,533641
2024-09-19,India,,45043415,,533641
2024-09-20,India,,45043415,,533641
2024-09-21,India,,45043415,,533641
2024-09-22,India,,45043415,,533641
2024-09-23,India,190.0,45043605,5.0,533646
2024-09-24,India,,45043605,,533646
2024-09-25,India,,45043605,,533646
2024-09-26,India,,45043605,,533646
2024-09-27,India,,45043605,,533646
2024-09-28,India,,45043605,,533646
2024-09-29,India,,45043605,,533646
2024-09-30,India,187.0,45043792,2.0,533648
2024-10-01,India,,45043792,,533648
2024-10-02,India,,45043792,,533648
2024-10-03,India,,45043792,,533648
2024-10-04,India,,45043792,,533648
2024-10-05,India,,45043792,,533648
2024-10-06,India,,45043792,,533648
2024-10-07,India,156.0,45043948,3.0,533651
2024-10-08,India,,45043948,,533651
2024-10-09,India,,45043948,,533651
2024-10-10,India,,45043948,,533651
2024-10-11,India,,45043948,,533651
2024-10-12,India,,45043948,,533651
2024-10-13,India,,45043948,,533651
2024-10-14,India,133.0,45044081,1.0,533652
2024-10-15,India,,45044081,,533652
2024-10-16,India,,45044081,,533652
2024-10-17,India,,45044081,,533652
2024-10-18,India,,45044081,,533652
2024-10-19,India,,45044081,,533652
2024-10-20,India,,45044081,,533652
2024-10-21,India,115.0,45044196,1.0,533653
2024-10-22,India,,45044196,,533653
2024-10-23,India,,45044196,,533653
2024-10-24,India,,45044196,,533653
2024-10-25,India,,45044196,,533653
2024-10-26,India,,45044196,,533653
2024-10-27,India,,45044196,,533653
2024-10-28,India,85.0,45044281,1.0,533654
2024-10-29,India,,45044281,,533654
2024-10-30,India,,45044281,,533654
2024-10-31,India,,45044281,,533654
2024-11-01,India,,45044281,,533654
2024-11-02,India,,45044281,,533654
2024-11-03,India,,45044281,,533654
2024-11-04,India,65.0,45044346,1.0,533655
2024-11-05,India,,45044346,,533655
2024-11-06,India,,45044346,,533655
2024-11-07,India,,45044346,,533655
2024-11-08,India,,45044346,,533655
2024-11-09,India,,45044346,,533655
2024-11-10,India,,45044346,,533655
2024-11-11,India,62.0,45044408,1.0,533656
2024-11-12,India,,45044408,,533656
2024-11-13,India,,45044408,,533656
2024-11-14,India,,45044408,,533656
2024-11-15,India,,45044408,,533656
2024-11-16,India,,45044408,,533656
2024-11-17,India,,45044408,,533656
2024-11-18,India,48.0,45044456,1.0,533657
2024-11-19,India,,45044456,,533657
2024-11-20,India,,45044456,,533657
2024-11-21,India,,45044456,,533657
2024-11-22,India,,45044456,,533657
2024-11-23,India,,45044456,,533657
2024-11-24,India,,45044456,,533657
2024-11-25,India,29.0,45044485,1.0,533658
2024-11-26,India,,45044485,,533658
2024-11-27,India,,45044485,,533658
2024-11-28,India,,45044485,,533658
2024-11-29,India,,45044485,,533658
2024-11-30,India,,45044485,,533658
2024-12-01,India,,45044485,,533658
2024-12-02,India,36.0,45044521,,533658
2024-12-03,India,,45044521,,533658
2024-12-04,India,,45044521,,533658
2024-12-05,India,,45044521,,533658
2024-12-06,India,,45044521,,533658
2024-12-07,India,,45044521,,533658
2024-12-08,India,,45044521,,533658
2024-12-09,India,11.0,45044532,,533658
2024-12-10,India,,45044532,,533658
2024-12-11,India,,45044532,,533658
2024-12-12,India,,45044532,,533658
2024-12-13,India,,45044532,,533658
2024-12-14,India,,45044532,,533658
2024-12-15,India,,45044532,,533658
2024-12-16,India,17.0,45044549,3.0,533661
2024-12-17,India,,45044549,,533661
2024-12-18,India,,45044549,,533661
2024-12-19,India,,45044549,,533661
2024-12-20,India,,45044549,,533661
2024-12-21,India,,45044549,,533661
2024-12-22,India,,45044549,,533661
2024-12-23,India,,45044549,,533661
2024-12-24,India,,45044549,,533661
2024-12-25,India,,45044549,,533661
2024-12-26,India,,45044549,,533661
2024-12-27,India,,45044549,,533661
2024-12-28,India,,45044549,,533661
2024-12-29,India,,45044549,,533661
2024-12-30,India,24.0,45044573,,533661
2024-12-31,India,,45044573,,533661
2025-01-01,India,,45044573,,533661
2025-01-02,India,,45044573,,533661
2025-01-03,India,,45044573,,533661
2025-01-04,India,,45044573,,533661
2025-01-05,India,,45044573,,533661
2025-01-06,India,6.0,45044579,1.0,533662
2025-01-07,India,,45044579,,533662
2025-01-08,India,,45044579,,533662
2025-01-09,India,,45044579,,533662
2025-01-10,India,,45044579,,533662
2025-01-11,India,,45044579,,533662
2025-01-12,India,,45044579,,533662
2025-01-13,India,7.0,45044586,,533662
2025-01-14,India,,45044586,,533662
2025-01-15,India,,45044586,,533662
2025-01-16,India,,45044586,,533662
2025-01-17,India,,45044586,,533662
2025-01-18,India,,45044586,,533662
2025-01-19,India,,45044586,,533662
2025-01-20,India,13.0,45044599,,533662
2025-01-21,India,,45044599,,533662
2025-01-22,India,,45044599,,533662
2025-01-23,India,,45044599,,533662
2025-01-24,India,,45044599,,533662
2025-01-25,India,,45044599,,533662
2025-01-26,India,,45044599,,533662
2025-01-27,India,3.0,45044602,,533662
2025-01-28,India,,45044602,,533662
2025-01-29,India,,45044602,,533662
2025-01-30,India,,45044602,,533662
2025-01-31,India,,45044602,,533662
2025-02-01,India,,45044602,,533662
2025-02-02,India,,45044602,,533662
2025-02-03,India,5.0,45044607,,533662
2025-02-04,India,,45044607,,533662
2025-02-05,India,,45044607,,533662
2025-02-06,India,,45044607,,533662
2025-02-07,India,,45044607,,533662
2025-02-08,India,,45044607,,533662
2025-02-09,India,,45044607,,533662
2025-02-10,India,,45044607,,533662
2025-02-11,India,,45044607,,533662
2025-02-12,India,,45044607,,533662
2025-02-13,India,,45044607,,533662
2025-02-14,India,,45044607,,533662
2025-02-15,India,,45044607,,533662
2025-02-16,India,,45044607,,533662
2025-02-17,India,7.0,45044614,,533662
2025-02-18,India,,45044614,,533662
2025-02-19,India,,45044614,,533662
2025-02-20,India,,45044614,,533662
2025-02-21,India,,45044614,,533662
2025-02-22,India,,45044614,,533662
2025-02-23,India,,45044614,,533662
2025-02-24,India,,45044614,,533662
2025-02-25,India,,45044614,,533662
2025-02-26,India,,45044614,,533662
2025-02-27,India,,45044614,,533662
2025-02-28,India,,45044614,,533662
2025-03-01,India,,45044614,,533662
2025-03-02,India,,45044614,,533662
2025-03-03,India,7.0,45044621,,533662
2025-03-04,India,,45044621,,533662
2025-03-05,India,,45044621,,533662
2025-03-06,India,,45044621,,533662
2025-03-07,India,,45044621,,533662
2025-03-08,India,,45044621,,533662
2025-03-09,India,,45044621,,533662
2025-03-10,India,7.0,45044628,2.0,533664
2025-03-11,India,,45044628,,533664
2025-03-12,India,,45044628,,533664
2025-03-13,India,,45044628,,533664
2025-03-14,India,,45044628,,533664
2025-03-15,India,,45044628,,533664
2025-03-16,India,,45044628,,533664
2025-03-17,India,6.0,45044634,,533664
2025-03-18,India,,45044634,,533664
2025-03-19,India,,45044634,,533664
2025-03-20,India,,45044634,,533664
2025-03-21,India,,45044634,,533664
2025-03-22,India,,45044634,,533664
2025-03-23,India,,45044634,,533664
2025-03-24,India,,45044634,,533664
2025-03-25,India,2.0,45044636,,533664
2025-03-26,India,,45044636,,533664
2025-03-27,India,,45044636,,533664
2025-03-28,India,,45044636,,533664
2025-03-29,India,,45044636,,533664
2025-03-30,India,,45044636,,533664
2025-03-31,India,7.0,45044643,,533664
2025-04-01,India,,45044643,,533664
2025-04-02,India,,45044643,,533664
2025-04-03,India,,45044643,,533664
2025-04-04,India,,45044643,,533664
2025-04-05,India,,45044643,,533664
2025-04-06,India,,45044643,,533664
2025-04-07,India,8.0,45044651,,533664
2025-04-08,India,,45044651,,533664
2025-04-09,India,,45044651,,533664
2025-04-10,India,,45044651,,533664
2025-04-11,India,,45044651,,533664
2025-04-12,India,,45044651,,533664
2025-04-13,India,,45044651,,533664
2025-04-14,India,11.0,45044662,,533664
2025-04-15,India,,45044662,,533664
2025-04-16,India,,45044662,,533664
2025-04-17,India,,45044662,,533664
2025-04-18,India,,45044662,,533664
2025-04-19,India,,45044662,,533664
2025-04-20,India,,45044662,,533664
2025-04-21,India,6.0,45044668,,533664
2025-04-22,India,,45044668,,533664
2025-04-23,India,,45044668,,533664
2025-04-24,India,,45044668,,533664
2025-04-25,India,,45044668,,533664
2025-04-26,India,,45044668,,533664
2025-04-27,India,,45044668,,533664
2025-04-28,India,83.0,45044751,,533664
2025-04-29,India,,45044751,,533664
2025-04-30,India,,45044751,,533664
2025-05-01,India,,45044751,,533664
2025-05-02,India,,45044751,,533664
2025-05-03,India,,45044751,,533664
2025-05-04,India,,45044751,,533664
2025-05-05,India,35.0,45044786,1.0,533665
2025-05-06,India,,45044786,,533665
2025-05-07,India,,45044786,,533665
2025-05-08,India,,45044786,,533665
2025-05-09,India,,45044786,,533665
2025-05-10,India,,45044786,,533665
2025-05-11,India,,45044786,,533665
2025-05-12,India,100.0,45044886,,533665
2025-05-13,India,,45044886,,533665
2025-05-14,India,,45044886,,533665
2025-05-15,India,,45044886,,533665
2025-05-16,India,,45044886,,533665
2025-05-17,India,,45044886,,533665
2025-05-18,India,,45044886,,533665
2025-05-19,India,277.0,45045163,1.0,533666
2025-05-20,India,,45045163,,533666
2025-05-21,India,,45045163,,533666
2025-05-22,India,,45045163,,533666
2025-05-23,India,,45045163,,533666
2025-05-24,India,,45045163,,533666
2025-05-25,India,,45045163,,533666
2025-05-26,India,1064.0,45046227,7.0,533673
2025-05-27,India,,45046227,,533673
2025-05-28,India,,45046227,,533673
2025-05-29,India,,45046227,,533673
2025-05-30,India,511.0,45046738,7.0,533680
2025-05-31,India,685.0,45047423,4.0,533684
2025-06-01,India,2765.0,45050188,9.0,533693
2025-06-02,India,225.0,45050413,5.0,533698
2025-06-03,India,331.0,45050744,7.0,533705
2025-06-04,India,578.0,45051322,7.0,533712
2025-06-05,India,507.0,45051829,4.0,533716
2025-06-06,India,432.0,45052261,4.0,533720
2025-06-07,India,461.0,45052722,4.0,533724
2025-06-08,India,358.0,45053080,2.0,533726
2025-06-09,India,315.0,45053395,3.0,533729
2025-06-10,India,324.0,45053719,3.0,533732
2025-06-11,India,177.0,45053896,3.0,533735
2025-06-12,India,200.0,45054096,1.0,533736
2025-06-13,India,354.0,45054450,9.0,533745
2025-06-14,India,134.0,45054584,10.0,533755
2025-06-15,India,101.0,45054685,11.0,533766
2025-06-16,India,178.0,45054863,1.0,533767
2025-06-17,India,163.0,45055026,4.0,533771
2025-06-18,India,40.0,45055066,3.0,533774
2025-06-19,India,64.0,45055130,4.0,533778
2025-06-20,India,51.0,45055181,1.0,533779
2025-06-21,India,61.0,45055242,2.0,533781
2025-06-22,India,61.0,45055303,2.0,533783
2025-06-23,India,7.0,45055310,3.0,533786
2025-06-24,India,8.0,45055318,,533786
2025-06-25,India,8.0,45055326,,533786
2025-06-26,India,10.0,45055336,4.0,533790
2025-06-27,India,10.0,45055346,2.0,533792
2025-06-28,India,29.0,45055375,3.0,533795
2025-06-29,India,6.0,45055381,,533795
2025-06-30,India,10.0,45055391,2.0,533797
2025-07-01,India,22.0,45055413,2.0,533799
2025-07-02,India,13.0,45055426,,533799
2025-07-03,India,8.0,45055434,1.0,533800
2025-07-04,India,16.0,45055450,1.0,533801
2025-07-05,India,27.0,45055477,3.0,533804
2025-07-06,India,15.0,45055492,1.0,533805
2025-07-07,India,4.0,45055496,2.0,533807
2025-07-08,India,12.0,45055508,2.0,533809
2025-07-09,India,14.0,45055522,1.0,533810
2025-07-10,India,27.0,45055549,,533810
2025-07-11,India,17.0,45055566,2.0,533812
2025-07-12,India,13.0,45055579,,533812
2025-07-13,India,18.0,45055597,1.0,533813
2025-07-14,India,5.0,45055602,3.0,533816
2025-07-15,India,20.0,45055622,3.0,533819
2025-07-16,India,30.0,45055652,2.0,533821
2025-07-17,India,22.0,45055674,,533821
2025-07-18,India,12.0,45055686,2.0,533823
2025-07-19,India,17.0,45055703,1.0,533824
2025-07-20,India,10.0,45055713,1.0,533825
2025-07-21,India,14.0,45055727,1.0,533826
2025-07-22,India,19.0,45055746,1.0,533827
2025-07-23,India,23.0,45055769,,533827
2025-07-24,India,23.0,45055792,1.0,533828
2025-07-25,India,13.0,45055805,,533828
2025-07-26,India,6.0,45055811,,533828
2025-07-27,India,12.0,45055823,,533828
2025-07-28,India,7.0,45055830,2.0,533830
2025-07-29,India,8.0,45055838,1.0,533831
2025-07-30,India,12.0,45055850,,533831
2025-07-31,India,22.0,45055872,,533831
2025-08-01,India,22.0,45055894,3.0,533834
2025-08-02,India,13.0,45055907,,533834
2025-08-03,India,5.0,45055912,,533834
2025-08-04,India,8.0,45055920,,533834
2025-08-05,India,14.0,45055934,3.0,533837
2025-08-06,India,,45055934,,533837
2025-08-07,India,11.0,45055945,,533837
2025-08-08,India,4.0,45055949,,533837
2025-08-09,India,5.0,45055954,,533837
2025-08-10,India,,45055954,,533837
2025-08-11,India,3.0,45055957,1.0,533838
2025-08-12,India,9.0,45055966,3.0,533841
2025-08-13,India,8.0,45055974,,533841
2025-08-14,India,6.0,45055980,,533841
2025-08-15,India,5.0,45055985,,533841
2025-08-16,India,2.0,45055987,,533841
2025-08-17,India,4.0,45055991,,533841
2025-08-18,India,11.0,45056002,,533841
2025-08-19,India,4.0,45056006,1.0,533842
2025-08-20,India,5.0,45056011,2.0,533844
2025-08-21,India,8.0,45056019,1.0,533845
2025-08-22,India,13.0,45056032,,533845
2025-08-23,India,5.0,45056037,1.0,533846
2025-08-24,India,2.0,45056039,,533846
2025-08-25,India,2.0,45056041,,533846
2025-08-26,India,3.0,45056044,,533846
2025-08-27,India,7.0,45056051,,533846
2025-08-28,India,2.0,45056053,,533846
2025-08-29,India,7.0,45056060,,533846
2025-08-30,India,9.0,45056069,,533846
2025-08-31,India,4.0,45056073,,533846
2025-09-01,India,2.0,45056075,,533846
2025-09-02,India,2.0,45056077,,533846
2025-09-03,India,1.0,45056078,,533846
2025-09-04,India,2.0,45056080,,533846
2025-09-05,India,,45056080,,533846
2025-09-06,India,5.0,45056085,1.0,533847
2025-09-07,India,4.0,45056089,,533847
2025-09-08,India,,45056089,,533847
2025-09-09,India,2.0,45056091,,533847
2025-09-10,India,4.0,45056095,,533847
2025-09-11,India,4.0,45056099,,533847
2025-09-12,India,1.0,45056100,,533847
2025-09-13,India,5.0,45056105,,533847
2025-09-14,India,2.0,45056107,,533847
2025-09-15,India,4.0,45056111,,533847
2025-09-16,India,3.0,45056114,,533847
2025-09-17,India,1.0,45056115,,533847
2025-09-18,India,1.0,45056116,,533847
2025-09-19,India,,45056116,,533847
2025-09-20,India,,45056116,,533847
2025-09-21,India,1.0,45056117,,533847
2025-09-22,India,,45056117,,533847
2025-09-23,India,,45056117,,533847
2025-09-24,India,,45056117,,533847
2025-09-25,India,,45056117,,533847
2025-09-26,India,,45056117,,533847
2025-09-27,India,,45056117,,533847
2025-09-28,India,,45056117,,533847
2025-09-29,India,5.0,45056122,,533847
2025-09-30,India,,45056122,,533847
2025-10-01,India,,45056122,,533847
2025-10-02,India,,45056122,,533847
2025-10-03,India,,45056122,,533847
2025-10-04,India,,45056122,,533847
2025-10-05,India,4.0,45056126,,533847
2025-10-06,India,,45056126,,533847
2025-10-07,India,,45056126,,533847
2025-10-08,India,,45056126,,533847
2025-10-09,India,,45056126,,533847
2025-10-10,India,,45056126,,533847
2025-10-11,India,,45056126,,533847
2025-10-12,India,,45056126,,533847
2025-10-13,India,,45056126,,533847
2025-10-14,India,,45056126,,533847
2025-10-15,India,,45056126,,533847
2025-10-16,India,,45056126,,533847
2025-10-17,India,,45056126,,533847
2025-10-18,India,,45056126,,533847
2025-10-19,India,,45056126,,533847
2025-10-20,India,,45056126,,533847
2025-10-21,India,,45056126,,533847
2025-10-22,India,,45056126,,533847
2025-10-23,India,,45056126,,533847
2025-10-24,India,,45056126,,533847
2025-10-25,India,,45056126,,533847
2025-10-26,India,,45056126,,533847
2025-10-27,India,,45056126,,533847
2025-10-28,India,,45056126,,533847
2025-10-29,India,,45056126,,533847
2025-10-30,India,,45056126,,533847
2025-10-31,India,,45056126,,533847
2025-11-01,India,,45056126,,533847
2025-11-02,India,,45056126,,533847
2025-11-03,India,,45056126,,533847
2025-11-04,India,,45056126,,533847
2025-11-05,India,,45056126,,533847
2025-11-06,India,,45056126,,533847
2025-11-07,India,,45056126,,533847
2025-11-08,India,,45056126,,533847
2025-11-09,India,,45056126,,533847
2025-11-10,India,,45056126,,533847
2025-11-11,India,,45056126,,533847
2025-11-12,India,,45056126,,533847
2025-11-13,India,,45056126,,533847
2025-11-14,India,,45056126,,533847
2025-11-15,India,,45056126,,533847
2025-11-16,India,,45056126,,533847
2025-11-17,India,,45056126,,533847
2025-11-18,India,,45056126,,533847
2025-11-19,India,,45056126,,533847
2025-11-20,India,,45056126,,533847
2025-11-21,India,,45056126,,533847
2025-11-22,India,,45056126,,533847
2025-11-23,India,,45056126,,533847
2025-11-24,India,,45056126,,533847
2025-11-25,India,,45056126,,533847
2025-11-26,India,,45056126,,533847
2025-11-27,India,,45056126,,533847
2025-11-28,India,,45056126,,533847
2025-11-29,India,,45056126,,533847
2025-11-30,India,,45056126,,533847
2025-12-01,India,,45056126,,533847
2025-12-02,India,,45056126,,533847
2025-12-03,India,,45056126,,533847
2025-12-04,India,,45056126,,533847
2025-12-05,India,,45056126,,533847
2025-12-06,India,,45056126,,533847
2025-12-07,India,,45056126,,533847
2025-12-08,India,,45056126,,533847
2025-12-09,India,,45056126,,533847
2025-12-10,India,,45056126,,533847
2025-12-11,India,,45056126,,533847
2025-12-12,India,,45056126,,533847
2025-12-13,India,,45056126,,533847
2025-12-14,India,,45056126,,533847
2025-12-15,India,,45056126,,533847
2025-12-16,India,,45056126,,533847
2025-12-17,India,,45056126,,533847
2025-12-18,India,,45056126,,533847
2025-12-19,India,,45056126,,533847
2025-12-20,India,,45056126,,533847
2025-12-21,India,,45056126,,533847
2025-12-22,India,,45056126,,533847
2025-12-23,India,,45056126,,533847
2025-12-24,India,,45056126,,533847
2025-12-25,India,,45056126,,533847
2025-12-26,India,,45056126,,533847
2025-12-27,India,,45056126,,533847
2025-12-28,India,,45056126,,533847
2025-12-29,India,,45056126,,533847
2025-12-30,India,,45056126,,533847
2025-12-31,India,,45056126,,533847
2026-01-01,India,,45056126,,533847
2026-01-02,India,,45056126,,533847
2026-01-03,India,,45056126,,533847
2026-01-04,India,,45056126,,533847
